INSERT INTO public.brands (id,name,created_at,updated_at) VALUES
	 ('3f31d200-92ad-4c9d-ad56-88e5e9fb18ae','Nike','2024-03-13 19:28:30.784','2024-03-13 19:28:30.784'),
	 ('3bb70750-74b2-421f-84bb-bd1b5a1c90bc','Columbia Sportswear','2024-03-16 01:49:07.367','2024-03-16 01:49:07.367'),
	 ('98981896-983a-4d0d-9d11-6adbda53b142','Hard Rock','2024-03-21 02:20:27.978','2024-03-21 02:20:27.978'),
	 ('4e8db489-638b-4187-ad89-5d18b3eff689','Under Armour','2024-03-21 02:20:36.726','2024-03-21 02:20:36.726'),
	 ('5d748cf4-619f-46c1-bc6c-a32a98c778f5','Puma','2024-03-21 02:20:41.494','2024-03-21 02:20:41.494'),
	 ('6b3bdc89-058d-4734-82a9-4cb81dc4e80c','U.S. POLO ASSN','2024-03-21 15:52:06.457','2024-03-21 15:52:06.457'),
	 ('b124b978-306c-472f-aaab-442a7fbc2eb1','Invicta','2024-03-24 15:06:37.586','2024-03-24 15:06:37.586'),
	 ('cf1f2621-0934-472d-86f2-583e75c3749f','Fossil ','2024-03-24 15:06:51.984','2024-03-24 15:06:51.984'),
	 ('f0e4b610-5bdf-4cb4-9310-0055fd0ff5ba','Casio Quartz','2024-03-24 15:07:13.026','2024-03-24 15:07:13.026'),
	 ('cbb79a6d-e4e7-44ae-b731-1449be239a1c','Zeblaze','2024-03-24 15:07:24.601','2024-03-24 15:07:24.601'),
	 ('95994e03-bc06-461e-93e8-8071944e622b','Amazon','2024-03-24 15:31:15.071','2024-03-24 15:31:15.071'),
	 ('dc06f95a-dcdb-40d0-83a9-ae280fa7332c','Hot Wheels','2024-03-24 15:41:41.291','2024-03-24 15:41:41.291'),
	 ('9404fff3-c1f9-4ae6-be95-ef890fa43246','Guess','2024-03-24 15:41:54.516','2024-03-24 15:41:54.516'),
	 ('4c40381c-6689-4c71-b5f1-d9596025a1cc','Bentley','2024-03-24 15:42:05.229','2024-03-24 15:42:05.229'),
	 ('fbb66234-569b-41f1-9bdb-5ffbfb496fd0','Victoria Secret''s','2024-03-24 15:42:28.854','2024-03-24 15:42:28.854'),
	 ('9ee4d63c-a4b7-4f72-9b5d-94a624ec0026','Crocs','2024-03-24 15:42:38.934','2024-03-24 15:42:38.934'),
	 ('82574083-8da6-410d-88b2-37a1f42d0455','Pink','2024-03-24 16:39:02.46','2024-03-24 16:39:02.46'),
	 ('626ff839-0360-4c4a-ac32-31a1c311cc0e','Adidas','2024-03-24 16:58:01.674','2024-03-24 16:58:01.674');


INSERT INTO public.categories (id,name,created_at,updated_at,master_category_id) VALUES
	 ('230f2f78-fec2-477b-a95c-dac19ecc548b','Camisas','2024-03-13 17:37:51.728','2024-03-27 03:57:47.547','f238ea2a-91a4-4685-897c-0211dfb55d91'),
	 ('44b576f1-a57c-4bab-b040-ae1ce01e6cd7','Gorras','2024-03-16 01:49:27.716','2024-03-27 03:57:55.161','f238ea2a-91a4-4685-897c-0211dfb55d91'),
	 ('c81ea424-a4e1-4817-ba69-b25ad5616b43','Buzos-Chompas','2024-03-19 22:56:02.755','2024-03-27 03:58:00.936','f238ea2a-91a4-4685-897c-0211dfb55d91'),
	 ('7440c8b5-6346-46b9-abe8-d26eeaf2982a','Camisetas','2024-03-20 02:41:51.202','2024-03-27 03:58:05.837','f238ea2a-91a4-4685-897c-0211dfb55d91'),
	 ('1ffa0778-a657-443c-b7d6-c30ece6547aa','Zapatos','2024-03-20 23:40:40.342','2024-03-27 03:58:12.146','f238ea2a-91a4-4685-897c-0211dfb55d91'),
	 ('4498b87a-a011-4d6c-a945-ed51c9dfbc4f','Relojes','2024-03-24 15:04:10.008','2024-03-27 04:00:41.845','f238ea2a-91a4-4685-897c-0211dfb55d91'),
	 ('eb2fb6bc-a74c-4a00-848d-7110bdc47151','Perfumes','2024-03-27 04:01:11.823','2024-03-27 04:01:22.795','161a9e78-7bfd-4f9c-9190-cdf858318bb4'),
	 ('92ed41a5-cf6a-4e2f-96f5-a4162ca2fb11','Lociones y Cremas','2024-03-27 04:02:27.217','2024-03-27 04:02:27.217','161a9e78-7bfd-4f9c-9190-cdf858318bb4'),
	 ('042f5a3f-05e9-4347-a270-e0edb5005697','Tecnología','2024-03-27 04:03:14.601','2024-03-27 04:03:14.601','42ac4bad-ceff-4de1-846e-e9babc16df11'),
	 ('25feddb3-4dd8-4099-9b7d-f285b984f9b8','Artículos Varios','2024-03-27 04:05:08.049','2024-03-27 04:11:10.387','42ac4bad-ceff-4de1-846e-e9babc16df11'),
	 ('f238ea2a-91a4-4685-897c-0211dfb55d91','Moda','2024-03-27 03:57:41.264','2024-03-27 04:17:52.864',NULL),
	 ('161a9e78-7bfd-4f9c-9190-cdf858318bb4','Belleza y Cuidado Personal','2024-03-24 15:40:08.897','2024-03-27 04:18:44.455',NULL),
	 ('42ac4bad-ceff-4de1-846e-e9babc16df11','Hogar','2024-03-24 15:27:00.963','2024-03-27 04:19:24.55',NULL);


INSERT INTO public.colors (id,name,value,created_at,updated_at) VALUES
	 ('2074bd1c-735e-4108-81dd-3d32a739d46b','Rojo','#FF0000','2024-03-19 16:57:08.212','2024-03-19 16:57:08.212'),
	 ('3be983d1-0485-40d5-a82e-84003ceb22f8','Azul','#0000FF','2024-03-19 16:57:08.212','2024-03-19 16:57:08.212'),
	 ('b23e28e7-6216-49bf-b631-7d6f6859b881','Negro','#000000','2024-03-19 16:57:08.212','2024-03-19 16:57:08.212'),
	 ('f70564b3-5576-456a-bcb4-97c7c536f9c6','Blanco','#FFFFFF','2024-03-19 16:57:08.212','2024-03-19 16:57:08.212'),
	 ('4eb2bc2d-d825-4b90-82f7-fa7e0973643f','Gris','#808080','2024-03-19 16:57:08.212','2024-03-19 16:57:08.212'),
	 ('4e3c275f-64a3-459b-bbd8-3f91f3935b3d','Amarillo','#FFFF00','2024-03-19 16:57:08.212','2024-03-19 16:57:08.212'),
	 ('56671314-47f0-408f-8556-bab98fdfe1d5','Naranja','#FFA500','2024-03-19 16:57:08.212','2024-03-19 16:57:08.212'),
	 ('801e14c2-ae6f-40ac-b5a5-9f02efd5dcb7','Morado','#800080','2024-03-19 16:57:08.212','2024-03-19 16:57:08.212'),
	 ('13e8a666-7eca-4446-aff1-a4a7b28940d2','Rosado','#FFC0CB','2024-03-19 16:57:08.212','2024-03-19 16:57:08.212'),
	 ('5bdfd5cc-8a98-4c7c-9782-10b83a35f37b','Marron','#A52A2A','2024-03-19 16:57:08.212','2024-03-19 16:57:08.212'),
	 ('35a6a38d-35bf-44d7-b4a0-f03da8b0680c','Celeste','#00BFFF','2024-03-19 16:57:08.212','2024-03-19 16:57:08.212'),
	 ('071501de-8561-40d1-8b52-82fb879cc93d','Verde Lima','#32CD32','2024-03-19 16:57:08.212','2024-03-19 16:57:08.212'),
	 ('1b7e7bfe-be89-41c4-ac57-8b69fb146bba','Azul Marino','#000080','2024-03-19 16:57:08.212','2024-03-19 16:57:08.212'),
	 ('6d575b81-3a20-493e-bf60-30a6a29f892e','Violeta','#EE82EE','2024-03-19 16:57:08.212','2024-03-19 16:57:08.212'),
	 ('b03ef63f-6277-4cdb-b08e-8f9e7da775cc','Turquesa','#40E0D0','2024-03-19 16:57:08.212','2024-03-19 16:57:08.212'),
	 ('0e687250-a18c-40a4-a249-74b4dbceb6f1','Fucsia','#FF00FF','2024-03-19 16:57:08.212','2024-03-19 16:57:08.212'),
	 ('6a65483a-42b9-46c8-a4d4-ab9dca859f96','Oro','#FFD700','2024-03-19 16:57:08.212','2024-03-19 16:57:08.212'),
	 ('3e3cfe1e-2677-4918-85f9-a9351badf09e','Plata','#C0C0C0','2024-03-19 16:57:08.212','2024-03-19 16:57:08.212'),
	 ('5734891b-8954-4594-a270-f455d4b5c4db','Bronce','#CD7F32','2024-03-19 16:57:08.212','2024-03-19 16:57:08.212'),
	 ('8fbe9ad4-a3bc-4a07-bcf4-c7c6d2685172','Verde','#008f39','2024-03-19 16:57:08.212','2024-03-19 16:58:04.286'),
	 ('57add5a4-c5dd-478f-b456-8d82710d7f4c','Fossil ','#cec7bd','2024-03-19 17:31:19.519','2024-03-19 17:31:19.519'),
	 ('c19c9c1f-3c08-45fd-a031-e34879cbdfc0','Gris Claro','#dfe1e1','2024-03-20 02:29:52.352','2024-03-20 02:29:52.352'),
	 ('8dd1c5f9-9f45-4e7d-b3ae-40d6623df074','Verde Piedra','#287233','2024-03-20 02:33:36.47','2024-03-20 02:33:36.47'),
	 ('7f550ee5-6d07-4dca-86a7-0390ac9691a6','Cafe Claro','#a18262','2024-03-21 00:54:10.008','2024-03-21 00:54:25.983'),
	 ('1056201a-42f2-4cf4-a194-83d230286cfa','Carbono','#303066','2024-03-21 01:05:24.789','2024-03-21 01:05:24.789'),
	 ('d6fc91de-b19b-495b-b0f5-d2da9bf90969','Azul Vino','#264eb1','2024-03-21 14:36:27.853','2024-03-21 14:36:27.853'),
	 ('9bb624b7-b68b-4ec9-a7d8-ba9fc00ea2b7','Kaki','#c0ad8c','2024-03-21 15:13:26.394','2024-03-21 15:13:26.394'),
	 ('fb1e3db2-1ab7-4a0b-8dfd-649d2957610c','Dorado','#ffd700','2024-03-24 15:05:23.145','2024-03-24 15:05:23.145'),
	 ('4981959a-ad40-4c98-8465-af33f8014833','Plateado','#c0c0c0','2024-03-24 15:05:49.767','2024-03-24 15:05:49.767');


INSERT INTO public.sizes (id,name,value,created_at,updated_at) VALUES
	 ('9e87d36b-e42a-485d-b4a5-da6989d34b18','Extra Grande','XL','2024-03-13 17:38:10.881','2024-03-13 17:38:10.881'),
	 ('a1745515-ed4b-4b9e-ba44-5389740f5ea0','Grande','L','2024-03-13 19:22:34.101','2024-03-13 19:22:34.101'),
	 ('53aff188-ed48-47b1-9046-bc3ab3015ed6','Mediana','M','2024-03-13 19:28:53.453','2024-03-13 19:28:53.453'),
	 ('e5d9278f-9a04-47fc-8520-876d2c0e6ae4','Abierta','O/S','2024-03-16 01:50:26.662','2024-03-16 01:50:26.662'),
	 ('82c27aa5-0091-4f52-a60c-46a7e437e13f','Cerrada','S/M','2024-03-16 01:50:45.579','2024-03-16 01:50:45.579'),
	 ('5bf08c6d-e3ef-4dae-8a1b-86081258c871','Cerrada','L/XL','2024-03-16 01:51:09.659','2024-03-16 01:51:09.659'),
	 ('a7169379-e4b8-43c6-b3b1-875ad1d1af04','Small','S','2024-03-19 17:06:51.051','2024-03-19 17:06:51.051'),
	 ('0cc04955-b26c-4850-b54b-f1e9d4bae10b','Extra Small','XS','2024-03-19 17:07:13.064','2024-03-19 17:07:13.064'),
	 ('62a96ce4-f55c-4c7f-a8b1-9834bd1ece99','Size','8','2024-03-20 23:41:56.274','2024-03-20 23:41:56.274'),
	 ('b609df92-1723-430a-a010-d6fce88c03f4','Size','8.5','2024-03-20 23:47:04.474','2024-03-20 23:47:04.474'),
	 ('41247a6d-32e8-4966-ab1e-4a530eff55f0','Size','9','2024-03-20 23:47:24.82','2024-03-20 23:47:24.82'),
	 ('f710a0ca-7643-4f9d-ad8f-074210410b45','Size','9.5','2024-03-20 23:47:34.935','2024-03-20 23:47:34.935'),
	 ('588e83a6-3af7-4941-9177-e5fc55943b07','Mililitros','75 mL','2024-03-24 15:43:47.255','2024-03-24 15:43:47.255'),
	 ('fc00155a-eb94-47e8-83a6-93cfbc9bc70d','Mililitros','100mL','2024-03-24 15:44:12.256','2024-03-24 15:44:12.256'),
	 ('6584728b-5730-4ee3-80a8-2472a526a2c0','Mililitros','236mL','2024-03-24 15:44:39.198','2024-03-24 15:44:39.198'),
	 ('796c16e8-8795-47bd-a746-3d8d7984b064','Litro','1','2024-03-24 15:45:23.828','2024-03-24 15:45:23.828'),
	 ('e975e570-4714-4838-b837-a37d67f3ae53','Size','10','2024-03-24 17:04:54.746','2024-03-24 17:04:54.746');


INSERT INTO public.sizes_categories (id,category_id,size_id,created_at,updated_at) VALUES
	 ('b8725d6e-8838-41ce-9c75-1b36a36360de','230f2f78-fec2-477b-a95c-dac19ecc548b','9e87d36b-e42a-485d-b4a5-da6989d34b18','2024-03-13 17:38:10.99','2024-03-13 17:38:10.99'),
	 ('f8f108ef-766d-47be-a547-d037fc0d1971','230f2f78-fec2-477b-a95c-dac19ecc548b','a1745515-ed4b-4b9e-ba44-5389740f5ea0','2024-03-13 19:22:34.213','2024-03-13 19:22:34.213'),
	 ('2ca7dd12-2a30-48df-aa6c-f4690a4cd7fd','230f2f78-fec2-477b-a95c-dac19ecc548b','53aff188-ed48-47b1-9046-bc3ab3015ed6','2024-03-13 19:28:53.562','2024-03-13 19:28:53.562'),
	 ('a5e603b2-2f02-47b5-9597-e28a93e26f5c','44b576f1-a57c-4bab-b040-ae1ce01e6cd7','e5d9278f-9a04-47fc-8520-876d2c0e6ae4','2024-03-16 01:50:26.76','2024-03-16 01:50:26.76'),
	 ('876610f4-e4f9-441c-afe6-1b2d18862b5f','44b576f1-a57c-4bab-b040-ae1ce01e6cd7','82c27aa5-0091-4f52-a60c-46a7e437e13f','2024-03-16 01:50:45.704','2024-03-16 01:50:45.704'),
	 ('d88811b1-227f-4d20-b71a-d62dd7a740aa','44b576f1-a57c-4bab-b040-ae1ce01e6cd7','5bf08c6d-e3ef-4dae-8a1b-86081258c871','2024-03-16 01:51:09.779','2024-03-16 01:51:09.779'),
	 ('8b4439c7-7b01-497c-8735-18709904ae72','230f2f78-fec2-477b-a95c-dac19ecc548b','a7169379-e4b8-43c6-b3b1-875ad1d1af04','2024-03-19 17:06:51.159','2024-03-19 17:06:51.159'),
	 ('f2129254-8ea8-4dbb-97ad-2fb2593c19a0','230f2f78-fec2-477b-a95c-dac19ecc548b','0cc04955-b26c-4850-b54b-f1e9d4bae10b','2024-03-19 17:07:13.172','2024-03-19 17:07:13.172'),
	 ('e1fd7051-0cf7-4462-bec9-ae8365413931','c81ea424-a4e1-4817-ba69-b25ad5616b43','a7169379-e4b8-43c6-b3b1-875ad1d1af04','2024-03-19 22:56:25.54','2024-03-19 22:56:25.54'),
	 ('bb451a3c-e3e5-4ee8-a9c6-c70fd3c0a8ae','c81ea424-a4e1-4817-ba69-b25ad5616b43','53aff188-ed48-47b1-9046-bc3ab3015ed6','2024-03-19 22:56:58.169','2024-03-19 22:56:58.169'),
	 ('600c24df-27fc-4f48-a8d3-2eb9442ab9e3','7440c8b5-6346-46b9-abe8-d26eeaf2982a','a7169379-e4b8-43c6-b3b1-875ad1d1af04','2024-03-20 02:42:05.16','2024-03-20 02:42:05.16'),
	 ('36339c31-91d7-44e8-9fa1-10e607b66690','7440c8b5-6346-46b9-abe8-d26eeaf2982a','53aff188-ed48-47b1-9046-bc3ab3015ed6','2024-03-20 02:42:13.351','2024-03-20 02:42:13.351'),
	 ('60b2331b-d484-47df-b93e-bbd022f126e5','7440c8b5-6346-46b9-abe8-d26eeaf2982a','a1745515-ed4b-4b9e-ba44-5389740f5ea0','2024-03-20 02:42:20.739','2024-03-20 02:42:20.739'),
	 ('9b19980a-8a36-4219-98c0-232bd780c7f8','1ffa0778-a657-443c-b7d6-c30ece6547aa','62a96ce4-f55c-4c7f-a8b1-9834bd1ece99','2024-03-20 23:41:56.386','2024-03-20 23:41:56.386'),
	 ('b7cd7280-6b79-441a-a240-7971f8ab6e62','1ffa0778-a657-443c-b7d6-c30ece6547aa','b609df92-1723-430a-a010-d6fce88c03f4','2024-03-20 23:47:04.581','2024-03-20 23:47:04.581'),
	 ('f31f0c0c-fa38-45aa-8e2e-b2dcc29411b6','1ffa0778-a657-443c-b7d6-c30ece6547aa','41247a6d-32e8-4966-ab1e-4a530eff55f0','2024-03-20 23:47:24.929','2024-03-20 23:47:24.929'),
	 ('72b7a8a7-2f6a-4018-9c8d-915d54bc8fa8','1ffa0778-a657-443c-b7d6-c30ece6547aa','f710a0ca-7643-4f9d-ad8f-074210410b45','2024-03-20 23:47:35.044','2024-03-20 23:47:35.044'),
	 ('8076f1b3-f7c2-4da1-a90d-d2385cad6f89','c81ea424-a4e1-4817-ba69-b25ad5616b43','a1745515-ed4b-4b9e-ba44-5389740f5ea0','2024-03-21 15:01:26.657','2024-03-21 15:01:26.657'),
	 ('5c6d47c7-e40c-4b8e-a3ec-58c075da9e32','1ffa0778-a657-443c-b7d6-c30ece6547aa','e975e570-4714-4838-b837-a37d67f3ae53','2024-03-24 17:04:54.857','2024-03-24 17:04:54.857'),
	 ('b10d4c99-18fb-47cb-bb31-a1d46edf9507','eb2fb6bc-a74c-4a00-848d-7110bdc47151','588e83a6-3af7-4941-9177-e5fc55943b07','2024-03-24 15:43:47.359','2024-03-24 15:43:47.359'),
	 ('a0c2e15c-cc57-4bcf-8727-0cc8e11217e7','eb2fb6bc-a74c-4a00-848d-7110bdc47151','fc00155a-eb94-47e8-83a6-93cfbc9bc70d','2024-03-24 15:44:12.365','2024-03-24 15:44:12.365');


INSERT INTO public.users (id,dni,first_name,last_name,email,"password",created_at,updated_at) VALUES
	 ('155779b7-77eb-44c1-841a-52cc9a0310b5','0707047643','Daniel','Zhu','dzhu2409@gmail.com','$2b$10$BAEDqFWekpEz8Przj2ACx.mqmE2MDxsddkkcLqzB8.zASP1m6gfbS','2024-03-13 04:36:22.256','2024-03-13 04:36:22.256'),
	 ('e111b437-59bf-4203-94ca-cf71a481afcb','0703224337','Danny','Ordoñez','danny@gmail.com','$2b$10$hf6bmq4gw6y47pZGh7N9t.kQCAEvSbWHrQ.SgMtMUh.5VjGj8Z9Cm','2024-03-13 04:36:22.46','2024-03-13 04:36:22.46');


INSERT INTO public.customers (id,dni,first_name,last_name,phone_number,city,email,"password",created_at,updated_at) VALUES
	 ('ca8fed16-09e4-492d-aedc-fc5fe93835f5','0703224345','Doris','Ordoñez','0994459401','','doris-28@hotmail.es','123456','2024-03-13 19:42:09.276','2024-03-13 19:42:09.276');


INSERT INTO public.products_master (id,name,description,brand_id,category_id,created_at,updated_at,gender) VALUES
	 ('93b470cc-e491-4d95-b333-0b8d46f97d1d','Camisa Columbia con forro para hombre',NULL,'3bb70750-74b2-421f-84bb-bd1b5a1c90bc','230f2f78-fec2-477b-a95c-dac19ecc548b','2024-03-19 17:08:36.848','2024-03-19 17:08:36.848','HOMBRE'),
	 ('3f58af9b-ed0e-43e2-8176-ecb37149f007',' Camisa de manga larga Newton Ridge para hombre',NULL,'3bb70750-74b2-421f-84bb-bd1b5a1c90bc','230f2f78-fec2-477b-a95c-dac19ecc548b','2024-03-19 17:31:54.542','2024-03-19 17:31:54.542','HOMBRE'),
	 ('3781caaa-d926-43ad-a715-e0e694205076','Chompa completa Mountain para hombre',NULL,'3bb70750-74b2-421f-84bb-bd1b5a1c90bc','c81ea424-a4e1-4817-ba69-b25ad5616b43','2024-03-20 00:16:02.178','2024-03-20 00:16:02.178','HOMBRE'),
	 ('db1dab50-7dc7-45d1-9432-fe21cac3ec93',' Camisa Columbia de manga corta PFG para hombre',NULL,'3bb70750-74b2-421f-84bb-bd1b5a1c90bc','230f2f78-fec2-477b-a95c-dac19ecc548b','2024-03-20 00:31:11.632','2024-03-20 00:31:11.632','HOMBRE'),
	 ('e8ea9b7c-83b2-4612-b2b7-e9f15c0c2408','Camisa Columbia Camuflada de manga corta para hombre',NULL,'3bb70750-74b2-421f-84bb-bd1b5a1c90bc','230f2f78-fec2-477b-a95c-dac19ecc548b','2024-03-20 02:17:03.246','2024-03-20 02:17:03.246','HOMBRE'),
	 ('5d1d5b24-3592-4020-81ce-c47e723b124d','Camisa Columbia de manga corta para hombre',NULL,'3bb70750-74b2-421f-84bb-bd1b5a1c90bc','230f2f78-fec2-477b-a95c-dac19ecc548b','2024-03-20 02:39:56.393','2024-03-20 02:39:56.393','HOMBRE'),
	 ('6e6be60d-b4c6-4aea-b007-ea8732c25dbb','Camiseta de manga Columbia PFG Fish Flag para hombre',NULL,'3bb70750-74b2-421f-84bb-bd1b5a1c90bc','7440c8b5-6346-46b9-abe8-d26eeaf2982a','2024-03-20 02:43:39.144','2024-03-20 02:43:39.144','HOMBRE'),
	 ('d9045c78-8b9d-42f4-af44-fe20e964a86f','Botas Columbia central Flow para hombre',NULL,'3bb70750-74b2-421f-84bb-bd1b5a1c90bc','1ffa0778-a657-443c-b7d6-c30ece6547aa','2024-03-20 23:44:52.708','2024-03-20 23:44:52.708','HOMBRE'),
	 ('84ee0fc7-c9d2-4348-9b76-6cc0d7097fa7','Gorra Columbia PFG Camo Mesh Ball Low',NULL,'3bb70750-74b2-421f-84bb-bd1b5a1c90bc','44b576f1-a57c-4bab-b040-ae1ce01e6cd7','2024-03-21 01:22:46.418','2024-03-21 01:22:46.418','HOMBRE'),
	 ('76c4be8b-b57e-4688-b671-beaa0721fe2f','Gorra Columbia de malla con logotipo de PHG, corona media',NULL,'3bb70750-74b2-421f-84bb-bd1b5a1c90bc','44b576f1-a57c-4bab-b040-ae1ce01e6cd7','2024-03-21 01:31:39.734','2024-03-21 01:31:39.734','HOMBRE'),
	 ('28176d30-c245-4061-9b3a-293a7d74ca16','Gorra Columbia PFG - Gorra De Malla Con Bandera, De Corona Alta',NULL,'3bb70750-74b2-421f-84bb-bd1b5a1c90bc','44b576f1-a57c-4bab-b040-ae1ce01e6cd7','2024-03-21 02:09:31.29','2024-03-21 02:09:31.29','HOMBRE'),
	 ('eeade9ff-9b90-48b4-9c86-d69b16e61420','Gorra Under Armour ajustable para hombre',NULL,'4e8db489-638b-4187-ad89-5d18b3eff689','44b576f1-a57c-4bab-b040-ae1ce01e6cd7','2024-03-21 02:30:59.815','2024-03-21 02:30:59.815','HOMBRE'),
	 ('f8961e08-a6b6-47b2-907b-7faab7668391','Camiseta Columbia Gráfica PHG',NULL,'3bb70750-74b2-421f-84bb-bd1b5a1c90bc','7440c8b5-6346-46b9-abe8-d26eeaf2982a','2024-03-21 14:25:16.202','2024-03-21 14:25:16.202','HOMBRE'),
	 ('c284757e-e7b4-45fe-a28d-8e22c608b669','Camisa Columbia con Forro Short Sleeve de Hombre',NULL,'3bb70750-74b2-421f-84bb-bd1b5a1c90bc','230f2f78-fec2-477b-a95c-dac19ecc548b','2024-03-21 14:54:25.761','2024-03-21 14:54:25.761','HOMBRE'),
	 ('e09463a0-99b4-4363-90ed-9985b811680e','Camiseta Columbia de Hombre',NULL,'3bb70750-74b2-421f-84bb-bd1b5a1c90bc','230f2f78-fec2-477b-a95c-dac19ecc548b','2024-03-21 14:59:06.895','2024-03-21 14:59:06.895','HOMBRE'),
	 ('651a1c92-fc82-4528-8e11-5340140ce020','Sudadera Columbia con Capucha PHG para Hombre',NULL,'3bb70750-74b2-421f-84bb-bd1b5a1c90bc','c81ea424-a4e1-4817-ba69-b25ad5616b43','2024-03-21 15:00:27.105','2024-03-21 15:00:27.105','HOMBRE'),
	 ('7303d5f8-e6bc-496b-8bed-89c37fbb6645','Buzo Columbia para Hombre',NULL,'3bb70750-74b2-421f-84bb-bd1b5a1c90bc','c81ea424-a4e1-4817-ba69-b25ad5616b43','2024-03-21 15:03:15.954','2024-03-21 15:03:15.954','HOMBRE'),
	 ('ba54f20e-39aa-45d6-9dcd-189ce22e71b6','Camisa de manga corta para mujer',NULL,'3bb70750-74b2-421f-84bb-bd1b5a1c90bc','230f2f78-fec2-477b-a95c-dac19ecc548b','2024-03-19 17:16:20.498','2024-03-23 16:37:04.111','MUJER'),
	 ('7dfc36f3-e614-41a3-85ed-b74a2a8bf357',' Gorra Puma Lifestyle Colorblock',NULL,'5d748cf4-619f-46c1-bc6c-a32a98c778f5','44b576f1-a57c-4bab-b040-ae1ce01e6cd7','2024-03-21 02:32:45.997','2024-03-23 17:53:12.174','UNISEX'),
	 ('fcfaacc0-5b80-401a-8918-e58487c2f59c','Gorra Columbia de malla Rugged Outdoor',NULL,'3bb70750-74b2-421f-84bb-bd1b5a1c90bc','44b576f1-a57c-4bab-b040-ae1ce01e6cd7','2024-03-21 02:18:58.93','2024-03-23 17:54:45.541','UNISEX'),
	 ('84127eeb-f599-4d30-af28-6e483c97cd0e','Gorra Hard Rock Los Angeles',NULL,'98981896-983a-4d0d-9d11-6adbda53b142','44b576f1-a57c-4bab-b040-ae1ce01e6cd7','2024-03-21 02:28:04.481','2024-03-23 17:54:33.437','UNISEX'),
	 ('838b87aa-d991-4526-aa77-4beebb79d56e','Goora Columbia Snap Back ',NULL,'3bb70750-74b2-421f-84bb-bd1b5a1c90bc','44b576f1-a57c-4bab-b040-ae1ce01e6cd7','2024-03-21 02:13:02.128','2024-03-23 17:55:25.386','UNISEX'),
	 ('048a2752-6ebe-4117-8631-848aa13a0bc3','Gorra Columbia Punchbowl',NULL,'3bb70750-74b2-421f-84bb-bd1b5a1c90bc','44b576f1-a57c-4bab-b040-ae1ce01e6cd7','2024-03-21 01:59:32.956','2024-03-23 17:56:57.009','UNISEX'),
	 ('4c784ec3-537f-49a4-ac39-10de4bd76a8d','Gorra Columbia Calavera Unisex',NULL,'3bb70750-74b2-421f-84bb-bd1b5a1c90bc','44b576f1-a57c-4bab-b040-ae1ce01e6cd7','2024-03-21 01:51:17.23','2024-03-23 17:57:38.553','UNISEX'),
	 ('d3a9ca0e-4f19-439c-b8b3-39e988e96ad3','Gorra Columbia Unisex PHG Snap Back - Corona Baja',NULL,'3bb70750-74b2-421f-84bb-bd1b5a1c90bc','44b576f1-a57c-4bab-b040-ae1ce01e6cd7','2024-03-21 01:15:03.941','2024-03-23 17:58:29.27','UNISEX'),
	 ('4df5c4df-5e26-4d41-a29c-4e405863de47','Gorra Columbia PFG Fish Flag - Corona alta',NULL,'3bb70750-74b2-421f-84bb-bd1b5a1c90bc','44b576f1-a57c-4bab-b040-ae1ce01e6cd7','2024-03-21 01:06:31.537','2024-03-23 17:58:42.247','UNISEX'),
	 ('4379f44d-83e2-4d0a-83a2-6378f74ab083','Gorra Columbia Árbol Bandera Malla - Corona Alta',NULL,'3bb70750-74b2-421f-84bb-bd1b5a1c90bc','44b576f1-a57c-4bab-b040-ae1ce01e6cd7','2024-03-21 00:44:10.017','2024-03-23 17:58:55.883','UNISEX'),
	 ('80583a7a-3479-483a-95cc-c6c8f8780e33','Gorra Columbia de malla PFG Statetriot',NULL,'3bb70750-74b2-421f-84bb-bd1b5a1c90bc','44b576f1-a57c-4bab-b040-ae1ce01e6cd7','2024-03-21 00:04:04.615','2024-03-23 17:59:06.645','UNISEX'),
	 ('4dceb117-8455-4822-9db6-5797f46f3074','Gorra Columbia snapback de malla PFG - Corona alta',NULL,'3bb70750-74b2-421f-84bb-bd1b5a1c90bc','44b576f1-a57c-4bab-b040-ae1ce01e6cd7','2024-03-20 02:37:57.371','2024-03-23 18:00:03.433','UNISEX'),
	 ('a4bfd06e-222a-470e-81ab-7b101a857ee9','Gorra Columbia con parche PFG ',NULL,'3bb70750-74b2-421f-84bb-bd1b5a1c90bc','44b576f1-a57c-4bab-b040-ae1ce01e6cd7','2024-03-20 02:30:42.339','2024-03-23 18:00:17.832','UNISEX'),
	 ('1127036e-546b-4a0b-9174-5f77a122728b','Gorra Columbia de béisbol PFG Mesh',NULL,'3bb70750-74b2-421f-84bb-bd1b5a1c90bc','44b576f1-a57c-4bab-b040-ae1ce01e6cd7','2024-03-19 17:41:29.731','2024-03-23 18:03:57.501','UNISEX'),
	 ('cf80fbad-6eeb-491d-910b-7093c9ca4894',' Gorra Columbia snapback PFG Fish Flag',NULL,'3bb70750-74b2-421f-84bb-bd1b5a1c90bc','44b576f1-a57c-4bab-b040-ae1ce01e6cd7','2024-03-20 00:37:04.839','2024-03-23 18:01:28.169','UNISEX'),
	 ('fa62097b-dc76-4222-b064-8048f5ce23fc','Gorra Columbia de béisbol PFG Mesh',NULL,'3bb70750-74b2-421f-84bb-bd1b5a1c90bc','44b576f1-a57c-4bab-b040-ae1ce01e6cd7','2024-03-19 17:39:50.36','2024-03-23 18:04:12.394','UNISEX'),
	 ('411694ef-0b32-4ad2-ac06-73ccf2edddc6','Gorra Snapback de malla Columbia Tree Flag™ - Corona alta',NULL,'3bb70750-74b2-421f-84bb-bd1b5a1c90bc','44b576f1-a57c-4bab-b040-ae1ce01e6cd7','2024-03-19 17:34:56.459','2024-03-23 18:04:27.486','UNISEX'),
	 ('a99d61f7-18fd-46a0-8fb8-a276d376a287',' Gorra Columbia Trail Essential',NULL,'3bb70750-74b2-421f-84bb-bd1b5a1c90bc','44b576f1-a57c-4bab-b040-ae1ce01e6cd7','2024-03-19 17:27:37.877','2024-03-23 18:04:41.185','UNISEX'),
	 ('5ec0a447-27e7-4253-8f31-80b54b75ce90',' Gorra Columbia PFG Camo Mesh',NULL,'3bb70750-74b2-421f-84bb-bd1b5a1c90bc','44b576f1-a57c-4bab-b040-ae1ce01e6cd7','2024-03-19 17:23:30.116','2024-03-23 18:04:50.839','UNISEX'),
	 ('4d8574ae-1626-438a-b40e-b13a31d7020c','Gorra Columbia Coldwater Canyon',NULL,'3bb70750-74b2-421f-84bb-bd1b5a1c90bc','44b576f1-a57c-4bab-b040-ae1ce01e6cd7','2024-03-19 17:20:14.349','2024-03-23 18:05:01.993','UNISEX'),
	 ('1c0b1a95-a3ae-4b18-a537-d798db83f036',' Gorra Columbia de malla PFG Logo™ - Corona baja','Color: titanio, negro, gancho','3bb70750-74b2-421f-84bb-bd1b5a1c90bc','44b576f1-a57c-4bab-b040-ae1ce01e6cd7','2024-03-19 17:03:19.397','2024-03-23 18:05:11.875','UNISEX'),
	 ('9227415e-b841-426c-a6c3-331f599cb891','Camisa Manga Larga Columbia para Hombre',NULL,'3bb70750-74b2-421f-84bb-bd1b5a1c90bc','230f2f78-fec2-477b-a95c-dac19ecc548b','2024-03-21 15:07:59.474','2024-03-21 15:07:59.474','HOMBRE'),
	 ('27019e2a-72a2-45e6-b1ea-e74c37aad3c9','Camisa Polo Columbia Nelson Point',NULL,'3bb70750-74b2-421f-84bb-bd1b5a1c90bc','230f2f78-fec2-477b-a95c-dac19ecc548b','2024-03-21 15:26:50.293','2024-03-21 15:26:50.293','HOMBRE'),
	 ('750b1789-4501-41bd-9f51-e41a14b695f1','Camisa Polo Columbia Sportswear Short Sleeve ',NULL,'3bb70750-74b2-421f-84bb-bd1b5a1c90bc','230f2f78-fec2-477b-a95c-dac19ecc548b','2024-03-21 15:05:51.116','2024-03-21 15:28:43.158','HOMBRE'),
	 ('f353148a-3587-49a9-835c-e2b79242e47e','Camisa Columbia PFG Trollers para hombre, manga corta',NULL,'3bb70750-74b2-421f-84bb-bd1b5a1c90bc','230f2f78-fec2-477b-a95c-dac19ecc548b','2024-03-21 15:37:30.305','2024-03-21 15:37:30.305','HOMBRE'),
	 ('83dea937-65fa-4cda-8920-b02f42490a66','Camisas Columbia PFG Slack Tide Camp Hombre ',NULL,'3bb70750-74b2-421f-84bb-bd1b5a1c90bc','230f2f78-fec2-477b-a95c-dac19ecc548b','2024-03-21 15:42:22.544','2024-03-21 15:42:22.544','HOMBRE'),
	 ('f8bc2bc1-8245-4d76-a80e-0fecfa6d4274','Camisa Columbia Manga Larga PFG Tamiami Hombre',NULL,'3bb70750-74b2-421f-84bb-bd1b5a1c90bc','230f2f78-fec2-477b-a95c-dac19ecc548b','2024-03-21 15:46:00.516','2024-03-21 15:46:00.516','HOMBRE'),
	 ('0e33581f-8536-4bb9-b9f5-ce5117ea3565','Camisa Polo de Piqué de Algodón Liso ',NULL,'6b3bdc89-058d-4734-82a9-4cb81dc4e80c','230f2f78-fec2-477b-a95c-dac19ecc548b','2024-03-21 15:53:25.73','2024-03-21 15:53:25.73','HOMBRE'),
	 ('8d4e7205-d941-46a7-9f5f-9212b5dd8d3a','Camiseta Columbia para Mujer',NULL,'3bb70750-74b2-421f-84bb-bd1b5a1c90bc','230f2f78-fec2-477b-a95c-dac19ecc548b','2024-03-21 15:18:42.063','2024-03-23 16:35:29.806','MUJER'),
	 ('ef64e3e8-bbff-44a3-a8de-f6d13da71fb5','Camiseta Columbia para Dama',NULL,'3bb70750-74b2-421f-84bb-bd1b5a1c90bc','230f2f78-fec2-477b-a95c-dac19ecc548b','2024-03-21 14:58:00.752','2024-03-23 16:35:59.099','MUJER'),
	 ('84e2fcf4-19e4-4f3e-aaad-c4429b8effaa',' Gorra Columbia de malla Rugged Outdoor',NULL,'3bb70750-74b2-421f-84bb-bd1b5a1c90bc','44b576f1-a57c-4bab-b040-ae1ce01e6cd7','2024-03-20 00:34:20.335','2024-03-23 18:02:47.685','UNISEX'),
	 ('ef75896b-ce68-4773-a5a7-c2cf13a6fcc5','Reloj Invicta de cuarzo japonés con pantalla Analógica Aviator ',NULL,'b124b978-306c-472f-aaab-442a7fbc2eb1','4498b87a-a011-4d6c-a945-ed51c9dfbc4f','2024-03-24 15:11:30.037','2024-03-24 15:11:30.037','HOMBRE'),
	 ('53202a3f-87ef-4125-8d8e-dd9ddc8aab6a','Reloj Invicta Aviator cronógrafo de cuarzo ',NULL,'b124b978-306c-472f-aaab-442a7fbc2eb1','4498b87a-a011-4d6c-a945-ed51c9dfbc4f','2024-03-24 15:15:41.458','2024-03-24 15:15:41.458','HOMBRE');
INSERT INTO public.products_master (id,name,description,brand_id,category_id,created_at,updated_at,gender) VALUES
	 ('f4fc36f4-f6ca-4a69-9883-d03ffc9f53de','Reloj Fossil con cronógrafo de Cuarzo Garrett de acero inoxidable',NULL,'cf1f2621-0934-472d-86f2-583e75c3749f','4498b87a-a011-4d6c-a945-ed51c9dfbc4f','2024-03-24 15:18:15.699','2024-03-24 15:18:15.699','HOMBRE'),
	 ('de5b66f6-fcf4-4cbe-bf98-96128fa6a56b','Reloj Casio de Cuarzo estilo buceador con correa de Acero Inoxidable',NULL,'f0e4b610-5bdf-4cb4-9310-0055fd0ff5ba','4498b87a-a011-4d6c-a945-ed51c9dfbc4f','2024-03-24 15:21:48.51','2024-03-24 15:21:48.51','UNISEX'),
	 ('d2785cc6-97ec-419c-8021-323825edcfb2','Termo Columbia de doble pared, mantiene Caliente y Frio. 1 Litro',NULL,'3bb70750-74b2-421f-84bb-bd1b5a1c90bc','25feddb3-4dd8-4099-9b7d-f285b984f9b8','2024-03-24 16:00:45.686','2024-03-24 16:01:18.489',NULL),
	 ('e28c1709-59c6-44a5-a577-cf4b9770b40f','Zapatos Crocs LiteRide 360',NULL,'9ee4d63c-a4b7-4f72-9b5d-94a624ec0026','1ffa0778-a657-443c-b7d6-c30ece6547aa','2024-03-24 16:51:52.975','2024-03-24 16:51:52.975','UNISEX'),
	 ('6a1dfcc4-42ab-4e41-bb85-6485c6551087','Loción Corporal Relajante Pink Coco Chill Cannabis Sativa+ Aceite de Coco',NULL,'82574083-8da6-410d-88b2-37a1f42d0455','92ed41a5-cf6a-4e2f-96f5-a4162ca2fb11','2024-03-24 16:42:04.853','2024-03-24 16:42:04.853','MUJER'),
	 ('c9b2f4e8-eeb0-43cd-a27c-e94193823cce','Zapatos Puma Cell Rapid Hyperwave',NULL,'5d748cf4-619f-46c1-bc6c-a32a98c778f5','1ffa0778-a657-443c-b7d6-c30ece6547aa','2024-03-24 16:54:02.268','2024-03-24 16:54:02.268','UNISEX'),
	 ('d0c6d3ea-68c9-461c-9149-c0c779b21293','Zapatos Puma Contempt Demi ',NULL,'5d748cf4-619f-46c1-bc6c-a32a98c778f5','1ffa0778-a657-443c-b7d6-c30ece6547aa','2024-03-24 16:55:56.935','2024-03-24 16:55:56.935','UNISEX'),
	 ('89fc8bb2-34bc-4c36-a1e8-8711568534da','Zapatos Adidas Caña Alta',NULL,'626ff839-0360-4c4a-ac32-31a1c311cc0e','1ffa0778-a657-443c-b7d6-c30ece6547aa','2024-03-24 16:59:10.148','2024-03-24 16:59:10.148','UNISEX'),
	 ('76347b88-9eea-49a3-b0ab-758c00d6cff9','Zapatos Adidas Terrex',NULL,'626ff839-0360-4c4a-ac32-31a1c311cc0e','1ffa0778-a657-443c-b7d6-c30ece6547aa','2024-03-24 17:04:34.336','2024-03-24 17:04:34.336','UNISEX'),
	 ('34310ec4-0694-4b2c-8c02-c308bcc19f7b','Zapatos para caminar, Ultraligeros, Transpirables y Antideslizantes',NULL,'95994e03-bc06-461e-93e8-8071944e622b','1ffa0778-a657-443c-b7d6-c30ece6547aa','2024-03-24 17:11:54.654','2024-03-24 17:11:54.654','UNISEX'),
	 ('2e1a94c2-2b4a-459f-8ced-4c1852373eff','Reloj Inteligente Zeblaze Vibe 7 Pro Con Pantalla AMOLED De 1.43''''',NULL,'cbb79a6d-e4e7-44ae-b731-1449be239a1c','4498b87a-a011-4d6c-a945-ed51c9dfbc4f','2024-03-24 17:26:24.182','2024-03-24 17:26:24.182','HOMBRE'),
	 ('cea8ac39-e3ec-4d86-b9b2-105ccd94a134','Perfume Guess Seductive Noir',NULL,'9404fff3-c1f9-4ae6-be95-ef890fa43246','eb2fb6bc-a74c-4a00-848d-7110bdc47151','2024-03-24 16:07:43.356','2024-03-24 16:07:43.356','MUJER'),
	 ('5015e6a1-a281-428e-a860-362eae007237','Eau De Parfum Bentley Intense ',NULL,'4c40381c-6689-4c71-b5f1-d9596025a1cc','eb2fb6bc-a74c-4a00-848d-7110bdc47151','2024-03-24 16:11:10.387','2024-03-24 16:11:10.387','HOMBRE'),
	 ('e563d09b-9edd-441a-a2a3-3e1015449f1b','Perfume Guess Seductive Homme',NULL,'9404fff3-c1f9-4ae6-be95-ef890fa43246','eb2fb6bc-a74c-4a00-848d-7110bdc47151','2024-03-24 16:13:26.119','2024-03-24 16:13:26.119','HOMBRE'),
	 ('9287f723-5ecf-4bba-92f1-d8c894205391','Perfume Invicta Ylang Dream',NULL,'b124b978-306c-472f-aaab-442a7fbc2eb1','eb2fb6bc-a74c-4a00-848d-7110bdc47151','2024-03-24 16:16:32.897','2024-03-24 16:16:32.897','HOMBRE'),
	 ('77d49f92-9e55-4380-8b0b-7df771a9364f','Loción Corporal Victoria Secret''s Island Away',NULL,'fbb66234-569b-41f1-9bdb-5ffbfb496fd0','92ed41a5-cf6a-4e2f-96f5-a4162ca2fb11','2024-03-24 16:22:06.554','2024-03-24 16:22:06.554','MUJER'),
	 ('f6a8334e-3747-4593-add3-6145a62e17f4','Loción Corporal Victoria Secret''s Water Lily & Sea Salt',NULL,'fbb66234-569b-41f1-9bdb-5ffbfb496fd0','92ed41a5-cf6a-4e2f-96f5-a4162ca2fb11','2024-03-24 16:23:55.924','2024-03-24 16:23:55.924','MUJER'),
	 ('71658a7b-a50e-416e-95f7-696eaaa4bbeb','Loción Corporal Pink Fresh Sky',NULL,'fbb66234-569b-41f1-9bdb-5ffbfb496fd0','92ed41a5-cf6a-4e2f-96f5-a4162ca2fb11','2024-03-24 16:26:17.468','2024-03-24 16:26:17.468','MUJER'),
	 ('3ccaea5c-b723-4a41-a042-12782291a9cd','Loción Corporal Victoria Secret''s Canyon Flora',NULL,'fbb66234-569b-41f1-9bdb-5ffbfb496fd0','92ed41a5-cf6a-4e2f-96f5-a4162ca2fb11','2024-03-24 16:27:51.702','2024-03-24 16:27:51.702','MUJER'),
	 ('7482e55f-1669-4c3d-9cd7-9f2624fcd3ed','Loción Corporal Victoria Secret''s Jasmine & Eldeberry',NULL,'fbb66234-569b-41f1-9bdb-5ffbfb496fd0','92ed41a5-cf6a-4e2f-96f5-a4162ca2fb11','2024-03-24 16:29:24.148','2024-03-24 16:29:24.148','MUJER'),
	 ('460433f6-76d3-447b-af4d-a0d64ddbfa9a','Gel Refrescante de Manos Victoria Secret''s Coconut Milk & Rose',NULL,'fbb66234-569b-41f1-9bdb-5ffbfb496fd0','92ed41a5-cf6a-4e2f-96f5-a4162ca2fb11','2024-03-24 16:32:57.976','2024-03-24 16:34:04.156','MUJER'),
	 ('e723c3ac-5792-4b33-bc02-1f25159cf1c2','Loción Corporal Pink Honey Ginger',NULL,'82574083-8da6-410d-88b2-37a1f42d0455','92ed41a5-cf6a-4e2f-96f5-a4162ca2fb11','2024-03-24 16:44:13.276','2024-03-24 16:44:13.276','MUJER'),
	 ('a34d4d61-4c9c-463e-a92a-77c0e2e818d2','Alexa Echo Show 8, 2da generación. Pantalla HD inteligente y cámara de 13 MP.',NULL,'95994e03-bc06-461e-93e8-8071944e622b','042f5a3f-05e9-4347-a270-e0edb5005697','2024-03-24 15:35:14.684','2024-03-24 15:35:14.684',NULL),
	 ('e22d9637-035e-475d-90d7-6aab934c8f17','Hot Wheels a Control Remoto. Batmobile escala 1:64, coche de juguete a control remoto',NULL,'dc06f95a-dcdb-40d0-83a9-ae280fa7332c','25feddb3-4dd8-4099-9b7d-f285b984f9b8','2024-03-24 15:48:38.553','2024-03-24 15:49:06.169',NULL);


INSERT INTO public.products_colors (id,product_master_id,color_id,created_at,updated_at) VALUES
	 ('642a8397-76e0-4be7-9318-d65b4b1f168c','4379f44d-83e2-4d0a-83a2-6378f74ab083','b23e28e7-6216-49bf-b631-7d6f6859b881','2024-03-21 00:45:19.504','2024-03-21 00:47:21.897'),
	 ('a52098a7-b430-41b3-b598-abf15ed2499c','411694ef-0b32-4ad2-ac06-73ccf2edddc6','c19c9c1f-3c08-45fd-a031-e34879cbdfc0','2024-03-21 00:50:42.074','2024-03-21 00:50:42.074'),
	 ('955c0e34-f2f2-42f6-899b-2973ddd2a624','1c0b1a95-a3ae-4b18-a537-d798db83f036','4eb2bc2d-d825-4b90-82f7-fa7e0973643f','2024-03-19 17:03:19.874','2024-03-19 17:03:19.874'),
	 ('b285ec90-0506-47e6-b7c3-24a842e187d6','1c0b1a95-a3ae-4b18-a537-d798db83f036','f70564b3-5576-456a-bcb4-97c7c536f9c6','2024-03-19 17:04:12.628','2024-03-19 17:04:12.628'),
	 ('3c9afade-5289-47a0-bc58-ad3d8f00d266','ba54f20e-39aa-45d6-9dcd-189ce22e71b6','35a6a38d-35bf-44d7-b4a0-f03da8b0680c','2024-03-19 17:16:21.052','2024-03-19 17:17:22.149'),
	 ('af4676e2-d0b6-405f-9604-c9230288a4dc','4d8574ae-1626-438a-b40e-b13a31d7020c','b23e28e7-6216-49bf-b631-7d6f6859b881','2024-03-19 17:20:14.83','2024-03-19 17:20:14.83'),
	 ('8fa8ecc5-dc31-47fe-bc6c-61fd24bd2c75','5ec0a447-27e7-4253-8f31-80b54b75ce90','4eb2bc2d-d825-4b90-82f7-fa7e0973643f','2024-03-19 17:23:30.648','2024-03-19 17:23:30.648'),
	 ('55ef9bd6-7f08-427e-8d36-f5c9f3533575','3f58af9b-ed0e-43e2-8176-ecb37149f007','57add5a4-c5dd-478f-b456-8d82710d7f4c','2024-03-19 17:31:55.039','2024-03-19 17:31:55.039'),
	 ('98780606-213f-45c0-8e27-3b4cc239612b','93b470cc-e491-4d95-b333-0b8d46f97d1d','1b7e7bfe-be89-41c4-ac57-8b69fb146bba','2024-03-19 17:08:37.409','2024-03-19 17:32:23.973'),
	 ('00ab33d6-c446-4a0d-9aca-9ca1ca3a7157','411694ef-0b32-4ad2-ac06-73ccf2edddc6','4eb2bc2d-d825-4b90-82f7-fa7e0973643f','2024-03-19 17:34:57.044','2024-03-19 17:34:57.044'),
	 ('7d99a65c-3284-4453-ac72-328e1733ad12','fa62097b-dc76-4222-b064-8048f5ce23fc','b23e28e7-6216-49bf-b631-7d6f6859b881','2024-03-19 17:39:50.947','2024-03-19 17:39:50.947'),
	 ('716d9922-dbf0-4f3d-aac7-233565bc8b22','1127036e-546b-4a0b-9174-5f77a122728b','4eb2bc2d-d825-4b90-82f7-fa7e0973643f','2024-03-19 17:41:30.268','2024-03-19 17:41:30.268'),
	 ('10285fca-3427-43d0-9a7b-a7ecfb1045d8','3781caaa-d926-43ad-a715-e0e694205076','1b7e7bfe-be89-41c4-ac57-8b69fb146bba','2024-03-20 00:16:02.683','2024-03-20 00:16:02.683'),
	 ('3c94fdac-b08b-4290-9fea-8ea66f0aa42b','db1dab50-7dc7-45d1-9432-fe21cac3ec93','35a6a38d-35bf-44d7-b4a0-f03da8b0680c','2024-03-20 00:31:12.149','2024-03-20 00:31:12.149'),
	 ('c38ae434-c78a-4658-ae38-10f5b9e39df8','84e2fcf4-19e4-4f3e-aaad-c4429b8effaa','b23e28e7-6216-49bf-b631-7d6f6859b881','2024-03-20 00:34:21.451','2024-03-20 00:34:21.451'),
	 ('0d47cd16-ebd5-408a-b69b-bb06df351736','cf80fbad-6eeb-491d-910b-7093c9ca4894','f70564b3-5576-456a-bcb4-97c7c536f9c6','2024-03-20 00:37:05.326','2024-03-20 00:37:05.326'),
	 ('b9c40f9c-7026-487e-9466-e3f8535d2e69','a99d61f7-18fd-46a0-8fb8-a276d376a287','4eb2bc2d-d825-4b90-82f7-fa7e0973643f','2024-03-20 02:05:01.505','2024-03-20 02:05:40.109'),
	 ('d8f5885d-a137-4587-8e29-2d6b0f4ef144','84e2fcf4-19e4-4f3e-aaad-c4429b8effaa','8fbe9ad4-a3bc-4a07-bcf4-c7c6d2685172','2024-03-20 02:14:01.074','2024-03-20 02:14:01.074'),
	 ('44df7acb-c22c-4c11-80b1-509c6cac16bb','db1dab50-7dc7-45d1-9432-fe21cac3ec93','4eb2bc2d-d825-4b90-82f7-fa7e0973643f','2024-03-20 02:15:32.092','2024-03-20 02:15:32.092'),
	 ('8782d4b8-eb6f-4e3e-9d7f-373e838e1ee7','e8ea9b7c-83b2-4612-b2b7-e9f15c0c2408','b23e28e7-6216-49bf-b631-7d6f6859b881','2024-03-20 02:17:03.914','2024-03-20 02:17:03.914'),
	 ('e29b3188-2203-4ead-8fa4-41466bf756d4','a4bfd06e-222a-470e-81ab-7b101a857ee9','c19c9c1f-3c08-45fd-a031-e34879cbdfc0','2024-03-20 02:30:42.977','2024-03-20 02:30:42.977'),
	 ('49ada577-e3bf-4395-9548-1a2c7cbe952d','a4bfd06e-222a-470e-81ab-7b101a857ee9','4eb2bc2d-d825-4b90-82f7-fa7e0973643f','2024-03-20 02:31:19.174','2024-03-20 02:31:19.174'),
	 ('48a462be-edc9-42d0-8cc8-abee8c2f8352','93b470cc-e491-4d95-b333-0b8d46f97d1d','8dd1c5f9-9f45-4e7d-b3ae-40d6623df074','2024-03-20 02:35:06.533','2024-03-20 02:35:06.533'),
	 ('06ca240c-b9bc-45bc-a3fa-ca20cb97157f','4dceb117-8455-4822-9db6-5797f46f3074','8fbe9ad4-a3bc-4a07-bcf4-c7c6d2685172','2024-03-20 02:37:58.027','2024-03-20 02:37:58.027'),
	 ('2cc29d78-919f-404d-a6be-a560271eaa83','5d1d5b24-3592-4020-81ce-c47e723b124d','c19c9c1f-3c08-45fd-a031-e34879cbdfc0','2024-03-20 02:39:57.016','2024-03-20 02:39:57.016'),
	 ('7a326dd0-05ec-42ca-98ef-9463d1a23345','6e6be60d-b4c6-4aea-b007-ea8732c25dbb','1b7e7bfe-be89-41c4-ac57-8b69fb146bba','2024-03-20 02:43:39.842','2024-03-20 02:43:39.842'),
	 ('f4bc10e8-a87d-4327-ad7d-1891692b22e1','a99d61f7-18fd-46a0-8fb8-a276d376a287','3be983d1-0485-40d5-a82e-84003ceb22f8','2024-03-19 17:27:38.472','2024-03-20 23:36:56.454'),
	 ('53f00ad7-5762-40e5-aacf-aba549bb7faa','d9045c78-8b9d-42f4-af44-fe20e964a86f','4eb2bc2d-d825-4b90-82f7-fa7e0973643f','2024-03-20 23:44:53.307','2024-03-20 23:44:53.307'),
	 ('f2ebfc93-9f5c-4724-83d1-f79f9b2e1c81','d9045c78-8b9d-42f4-af44-fe20e964a86f','5bdfd5cc-8a98-4c7c-9782-10b83a35f37b','2024-03-20 23:49:24.86','2024-03-20 23:49:24.86'),
	 ('99830922-fcf5-4b61-ab46-0e9dda24f6e3','fa62097b-dc76-4222-b064-8048f5ce23fc','4eb2bc2d-d825-4b90-82f7-fa7e0973643f','2024-03-20 23:54:17.504','2024-03-20 23:54:17.504'),
	 ('b555b05f-7a5b-41a9-be66-210e82686cd3','80583a7a-3479-483a-95cc-c6c8f8780e33','1b7e7bfe-be89-41c4-ac57-8b69fb146bba','2024-03-21 00:04:05.185','2024-03-21 00:04:05.185'),
	 ('12892add-81d0-4aae-a7e4-ed2cca319d6c','80583a7a-3479-483a-95cc-c6c8f8780e33','b23e28e7-6216-49bf-b631-7d6f6859b881','2024-03-21 00:05:26.132','2024-03-21 00:05:26.132'),
	 ('7f1022e3-fcfe-492f-a493-d2f46c0d711a','80583a7a-3479-483a-95cc-c6c8f8780e33','3be983d1-0485-40d5-a82e-84003ceb22f8','2024-03-21 00:09:01.352','2024-03-21 00:09:01.352'),
	 ('dcf92f99-cb2e-4065-85e1-b392773abe9a','4379f44d-83e2-4d0a-83a2-6378f74ab083','4eb2bc2d-d825-4b90-82f7-fa7e0973643f','2024-03-21 00:44:10.542','2024-03-21 00:44:10.542'),
	 ('ed6dd2ce-1856-4eb6-9944-884606b9663b','84e2fcf4-19e4-4f3e-aaad-c4429b8effaa','7f550ee5-6d07-4dca-86a7-0390ac9691a6','2024-03-21 00:57:07.455','2024-03-21 00:57:07.455'),
	 ('99ea22bd-4d1f-4960-847a-1b60862839a2','4df5c4df-5e26-4d41-a29c-4e405863de47','1056201a-42f2-4cf4-a194-83d230286cfa','2024-03-21 01:06:32.064','2024-03-21 01:06:32.064'),
	 ('3374d9ce-58d8-4743-b493-2cd8cb97397c','4df5c4df-5e26-4d41-a29c-4e405863de47','f70564b3-5576-456a-bcb4-97c7c536f9c6','2024-03-21 01:09:36.271','2024-03-21 01:09:36.271'),
	 ('c416cf2e-d84f-4073-ba02-695388babfd6','d3a9ca0e-4f19-439c-b8b3-39e988e96ad3','1056201a-42f2-4cf4-a194-83d230286cfa','2024-03-21 01:15:04.474','2024-03-21 01:15:04.474'),
	 ('803e77f9-08b7-4a28-85ae-c7d784c1f994','84ee0fc7-c9d2-4348-9b76-6cc0d7097fa7','35a6a38d-35bf-44d7-b4a0-f03da8b0680c','2024-03-21 01:22:46.952','2024-03-21 01:22:46.952'),
	 ('9d964095-7859-4f11-8555-747ad560c4aa','5ec0a447-27e7-4253-8f31-80b54b75ce90','35a6a38d-35bf-44d7-b4a0-f03da8b0680c','2024-03-21 01:24:00.781','2024-03-21 01:24:00.781'),
	 ('edd265fd-8ac5-41e8-94b6-3fddc24175d7','1c0b1a95-a3ae-4b18-a537-d798db83f036','c19c9c1f-3c08-45fd-a031-e34879cbdfc0','2024-03-21 01:27:57.032','2024-03-21 01:27:57.032'),
	 ('dfd78808-ce45-44bf-88a9-31ea20b18c12','76c4be8b-b57e-4688-b671-beaa0721fe2f','4eb2bc2d-d825-4b90-82f7-fa7e0973643f','2024-03-21 01:31:40.269','2024-03-21 01:31:40.269'),
	 ('3de0a380-539d-4d1f-be3c-3e37cd54af3a','4c784ec3-537f-49a4-ac39-10de4bd76a8d','b23e28e7-6216-49bf-b631-7d6f6859b881','2024-03-21 01:51:17.832','2024-03-21 01:51:17.832'),
	 ('41907d28-d7b7-47fa-b349-d45372e6ae7d','048a2752-6ebe-4117-8631-848aa13a0bc3','b23e28e7-6216-49bf-b631-7d6f6859b881','2024-03-21 01:59:34.921','2024-03-21 01:59:34.921'),
	 ('16abc8b6-e7ea-457d-9321-f2d80538ec7d','28176d30-c245-4061-9b3a-293a7d74ca16','b23e28e7-6216-49bf-b631-7d6f6859b881','2024-03-21 02:09:31.882','2024-03-21 02:09:31.882'),
	 ('de8f3370-9f33-489b-b431-7d9d1d8a1a6a','838b87aa-d991-4526-aa77-4beebb79d56e','3be983d1-0485-40d5-a82e-84003ceb22f8','2024-03-21 02:13:02.694','2024-03-21 02:13:02.694'),
	 ('0540e73f-c298-402e-8d7e-b076cf9a8d21','fcfaacc0-5b80-401a-8918-e58487c2f59c','4eb2bc2d-d825-4b90-82f7-fa7e0973643f','2024-03-21 02:18:59.454','2024-03-21 02:18:59.454'),
	 ('4eb60228-6919-4471-81eb-1a24f776c1da','84127eeb-f599-4d30-af28-6e483c97cd0e','c19c9c1f-3c08-45fd-a031-e34879cbdfc0','2024-03-21 02:28:05.093','2024-03-21 02:28:05.093'),
	 ('31d98165-16a9-409f-90e2-4348fd1e92b7','eeade9ff-9b90-48b4-9c86-d69b16e61420','b23e28e7-6216-49bf-b631-7d6f6859b881','2024-03-21 02:31:00.417','2024-03-21 02:31:00.417'),
	 ('9c075050-ae46-47a9-a130-8f233a3aff8e','7dfc36f3-e614-41a3-85ed-b74a2a8bf357','b23e28e7-6216-49bf-b631-7d6f6859b881','2024-03-21 02:32:46.593','2024-03-21 02:32:46.593');
INSERT INTO public.products_colors (id,product_master_id,color_id,created_at,updated_at) VALUES
	 ('7b6e341b-ffaa-4b61-ba96-f0b07f2d8ab5','db1dab50-7dc7-45d1-9432-fe21cac3ec93','f70564b3-5576-456a-bcb4-97c7c536f9c6','2024-03-21 14:14:39.235','2024-03-21 14:14:39.235'),
	 ('8a094b2a-0e8b-4629-b21a-b2c4bae22b57','f8961e08-a6b6-47b2-907b-7faab7668391','2074bd1c-735e-4108-81dd-3d32a739d46b','2024-03-21 14:25:16.76','2024-03-21 14:25:16.76'),
	 ('3dbb1903-820d-430f-aeb1-c9a71817dc27','f8961e08-a6b6-47b2-907b-7faab7668391','3be983d1-0485-40d5-a82e-84003ceb22f8','2024-03-21 14:35:11.087','2024-03-21 14:35:11.087'),
	 ('60766948-7b55-4550-a1d4-9bdea5299d29','f8961e08-a6b6-47b2-907b-7faab7668391','d6fc91de-b19b-495b-b0f5-d2da9bf90969','2024-03-21 14:37:15.956','2024-03-21 14:37:15.956'),
	 ('f9cc92a1-a440-4c49-952a-6311f7d358db','f8961e08-a6b6-47b2-907b-7faab7668391','b23e28e7-6216-49bf-b631-7d6f6859b881','2024-03-21 14:49:35.151','2024-03-21 14:49:35.151'),
	 ('a0534ec5-78e5-4544-81a8-d452c2a4f021','c284757e-e7b4-45fe-a28d-8e22c608b669','5bdfd5cc-8a98-4c7c-9782-10b83a35f37b','2024-03-21 14:54:26.272','2024-03-21 14:54:26.272'),
	 ('a37af1dc-521b-434f-bb1b-e724944812c5','ef64e3e8-bbff-44a3-a8de-f6d13da71fb5','0e687250-a18c-40a4-a249-74b4dbceb6f1','2024-03-21 14:58:01.254','2024-03-21 14:58:01.254'),
	 ('38d65eeb-4e9e-4c92-8929-9a3a684ec2c9','e09463a0-99b4-4363-90ed-9985b811680e','c19c9c1f-3c08-45fd-a031-e34879cbdfc0','2024-03-21 14:59:07.382','2024-03-21 14:59:07.382'),
	 ('a87a8333-c6df-4b92-b7ab-3dbdcbdb7446','651a1c92-fc82-4528-8e11-5340140ce020','56671314-47f0-408f-8556-bab98fdfe1d5','2024-03-21 15:00:27.6','2024-03-21 15:00:27.6'),
	 ('2895ad40-a4ce-49bb-89e0-e420a7063a2f','7303d5f8-e6bc-496b-8bed-89c37fbb6645','8fbe9ad4-a3bc-4a07-bcf4-c7c6d2685172','2024-03-21 15:03:16.432','2024-03-21 15:03:16.432'),
	 ('b263772b-e8ae-46cf-8218-f12e638a47de','750b1789-4501-41bd-9f51-e41a14b695f1','4eb2bc2d-d825-4b90-82f7-fa7e0973643f','2024-03-21 15:05:51.604','2024-03-21 15:05:51.604'),
	 ('538e42ae-8fe7-4c65-8c6d-efc9d1620a6a','9227415e-b841-426c-a6c3-331f599cb891','5734891b-8954-4594-a270-f455d4b5c4db','2024-03-21 15:07:59.939','2024-03-21 15:07:59.939'),
	 ('88f0f586-66c6-4dd8-92bf-7da7a32a3d89','c284757e-e7b4-45fe-a28d-8e22c608b669','2074bd1c-735e-4108-81dd-3d32a739d46b','2024-03-21 15:10:25.914','2024-03-21 15:10:25.914'),
	 ('4465aa7f-065c-4dbf-91c5-cfb1298c08de','ba54f20e-39aa-45d6-9dcd-189ce22e71b6','9bb624b7-b68b-4ec9-a7d8-ba9fc00ea2b7','2024-03-21 15:14:09.086','2024-03-21 15:14:09.086'),
	 ('1f19879d-9d71-46ab-8cb6-15df08a049b0','ba54f20e-39aa-45d6-9dcd-189ce22e71b6','c19c9c1f-3c08-45fd-a031-e34879cbdfc0','2024-03-21 15:15:33.91','2024-03-21 15:15:33.91'),
	 ('0383cac0-3cb6-4a21-97bf-01c80053ac6c','8d4e7205-d941-46a7-9f5f-9212b5dd8d3a','b03ef63f-6277-4cdb-b08e-8f9e7da775cc','2024-03-21 15:18:42.545','2024-03-21 15:18:42.545'),
	 ('647866bf-fb82-444f-8300-c2fa9913f305','750b1789-4501-41bd-9f51-e41a14b695f1','35a6a38d-35bf-44d7-b4a0-f03da8b0680c','2024-03-21 15:22:02.782','2024-03-21 15:22:02.782'),
	 ('34f432ce-507b-4f61-b2a8-e8b44198a560','27019e2a-72a2-45e6-b1ea-e74c37aad3c9','4eb2bc2d-d825-4b90-82f7-fa7e0973643f','2024-03-21 15:26:50.768','2024-03-21 15:28:27.151'),
	 ('09a569f2-766c-4082-b14b-bcd9d86590d3','f353148a-3587-49a9-835c-e2b79242e47e','1056201a-42f2-4cf4-a194-83d230286cfa','2024-03-21 15:37:30.785','2024-03-21 15:37:30.785'),
	 ('155b79f6-1db7-497d-921e-b8607c7d2dcf','83dea937-65fa-4cda-8920-b02f42490a66','f70564b3-5576-456a-bcb4-97c7c536f9c6','2024-03-21 15:42:23.03','2024-03-21 15:42:23.03'),
	 ('4f122b76-1c62-42d5-a8b7-4963ce2c4ae5','f8bc2bc1-8245-4d76-a80e-0fecfa6d4274','b03ef63f-6277-4cdb-b08e-8f9e7da775cc','2024-03-21 15:46:01.051','2024-03-21 15:46:01.051'),
	 ('52e3f808-55c3-4236-9e31-0745051556f4','0e33581f-8536-4bb9-b9f5-ce5117ea3565','b23e28e7-6216-49bf-b631-7d6f6859b881','2024-03-21 15:53:26.208','2024-03-21 15:53:26.208'),
	 ('42e48053-670e-4def-a995-5355f032465f','ef75896b-ce68-4773-a5a7-c2cf13a6fcc5','fb1e3db2-1ab7-4a0b-8dfd-649d2957610c','2024-03-24 15:11:30.587','2024-03-24 15:11:30.587'),
	 ('aa9c1eaf-c6ea-42f0-b1a9-3dec7feb5aa1','53202a3f-87ef-4125-8d8e-dd9ddc8aab6a','fb1e3db2-1ab7-4a0b-8dfd-649d2957610c','2024-03-24 15:15:41.984','2024-03-24 15:15:41.984'),
	 ('7a4c3bcc-4a61-4742-ba06-87cf3de769b2','f4fc36f4-f6ca-4a69-9883-d03ffc9f53de','fb1e3db2-1ab7-4a0b-8dfd-649d2957610c','2024-03-24 15:18:16.179','2024-03-24 15:18:16.179'),
	 ('2e494cce-85ae-4cf1-a43e-6d3b161aad34','de5b66f6-fcf4-4cbe-bf98-96128fa6a56b','4981959a-ad40-4c98-8465-af33f8014833','2024-03-24 15:21:49.002','2024-03-24 15:21:49.002'),
	 ('a7695f46-52ce-4a79-ac6d-2d443ea3eb5d','a34d4d61-4c9c-463e-a92a-77c0e2e818d2','f70564b3-5576-456a-bcb4-97c7c536f9c6','2024-03-24 15:35:15.237','2024-03-24 15:35:15.237'),
	 ('8f9a9676-2057-4b01-9191-0ef91bb27747','e22d9637-035e-475d-90d7-6aab934c8f17','b23e28e7-6216-49bf-b631-7d6f6859b881','2024-03-24 15:48:39.038','2024-03-24 15:50:21.709'),
	 ('e556c431-db10-41b5-b476-dbf2d248c1e1','d2785cc6-97ec-419c-8021-323825edcfb2','4981959a-ad40-4c98-8465-af33f8014833','2024-03-24 16:00:46.171','2024-03-24 16:00:46.171'),
	 ('afe3587c-37d3-4102-bfe9-b446ebe0d220','cea8ac39-e3ec-4d86-b9b2-105ccd94a134',NULL,'2024-03-24 16:07:43.836','2024-03-24 16:08:32.328'),
	 ('f9a386c8-4796-4f8d-aba5-8f725727dc81','5015e6a1-a281-428e-a860-362eae007237',NULL,'2024-03-24 16:11:10.863','2024-03-24 16:11:10.863'),
	 ('dae66244-7e9a-4d5a-957e-f2b78ee19675','e563d09b-9edd-441a-a2a3-3e1015449f1b',NULL,'2024-03-24 16:13:26.565','2024-03-24 16:13:26.565'),
	 ('f5823341-3086-4d14-9fc0-d700d692eac0','9287f723-5ecf-4bba-92f1-d8c894205391',NULL,'2024-03-24 16:16:33.383','2024-03-24 16:16:33.383'),
	 ('a4a68b88-9e0d-485f-be5c-7012387bdb17','77d49f92-9e55-4380-8b0b-7df771a9364f',NULL,'2024-03-24 16:22:07.035','2024-03-24 16:22:07.035'),
	 ('91fdf371-8982-445e-bec3-da1298974d0c','f6a8334e-3747-4593-add3-6145a62e17f4',NULL,'2024-03-24 16:23:56.405','2024-03-24 16:23:56.405'),
	 ('c3b52a87-8329-4e1d-8140-91e8f13b53e7','71658a7b-a50e-416e-95f7-696eaaa4bbeb',NULL,'2024-03-24 16:26:17.951','2024-03-24 16:26:17.951'),
	 ('e739e40c-90f1-4852-9b55-8a4ff307524d','3ccaea5c-b723-4a41-a042-12782291a9cd',NULL,'2024-03-24 16:27:52.182','2024-03-24 16:27:52.182'),
	 ('1f562ffa-3a51-4760-bf79-60b1c82b0642','7482e55f-1669-4c3d-9cd7-9f2624fcd3ed',NULL,'2024-03-24 16:29:24.634','2024-03-24 16:29:24.634'),
	 ('3d36c638-af1e-4f4d-9a1f-ac0d478fe834','460433f6-76d3-447b-af4d-a0d64ddbfa9a',NULL,'2024-03-24 16:32:58.46','2024-03-24 16:32:58.46'),
	 ('17a29bc6-1db6-4bb1-81ff-20bbc5a6b25c','6a1dfcc4-42ab-4e41-bb85-6485c6551087',NULL,'2024-03-24 16:42:05.334','2024-03-24 16:42:05.334'),
	 ('96188b2c-2dfd-4613-b00f-2939cd94d959','e723c3ac-5792-4b33-bc02-1f25159cf1c2',NULL,'2024-03-24 16:44:13.745','2024-03-24 16:44:13.745'),
	 ('b408cf4e-1086-465b-b810-a0c753398fb2','e28c1709-59c6-44a5-a577-cf4b9770b40f','1b7e7bfe-be89-41c4-ac57-8b69fb146bba','2024-03-24 16:51:53.459','2024-03-24 16:51:53.459'),
	 ('ed38e9af-1537-47b0-aa8d-c5526f96a83d','c9b2f4e8-eeb0-43cd-a27c-e94193823cce','b23e28e7-6216-49bf-b631-7d6f6859b881','2024-03-24 16:54:02.754','2024-03-24 16:54:02.754'),
	 ('b3cf151e-b597-43c6-90e5-500b74011421','d0c6d3ea-68c9-461c-9149-c0c779b21293','b23e28e7-6216-49bf-b631-7d6f6859b881','2024-03-24 16:55:57.466','2024-03-24 16:55:57.466'),
	 ('9b918752-87f8-4596-b8fa-4a9e4c2b6090','89fc8bb2-34bc-4c36-a1e8-8711568534da','f70564b3-5576-456a-bcb4-97c7c536f9c6','2024-03-24 16:59:10.669','2024-03-24 16:59:10.669'),
	 ('ad36f373-4bb2-4775-9975-f81529aeb24d','76347b88-9eea-49a3-b0ab-758c00d6cff9','b23e28e7-6216-49bf-b631-7d6f6859b881','2024-03-24 17:04:34.876','2024-03-24 17:04:34.876'),
	 ('59486403-5d51-4600-98aa-5d20ae059963','34310ec4-0694-4b2c-8c02-c308bcc19f7b','57add5a4-c5dd-478f-b456-8d82710d7f4c','2024-03-24 17:11:55.14','2024-03-24 17:11:55.14'),
	 ('8364f6ea-6f54-48ce-a43c-a60f6bb9d763','2e1a94c2-2b4a-459f-8ced-4c1852373eff','4981959a-ad40-4c98-8465-af33f8014833','2024-03-24 17:26:24.663','2024-03-24 17:26:24.663');

	
INSERT INTO public.images (id,url,product_color_id,created_at,updated_at) VALUES
	 ('ceab3f85-1bf9-4759-aa33-bf737b0455d5','https://res.cloudinary.com/dsgm2hnqp/image/upload/v1710867731/ftk3c7cmnjhvdlggvmux.webp','955c0e34-f2f2-42f6-899b-2973ddd2a624','2024-03-19 17:03:19.874','2024-03-19 17:03:19.874'),
	 ('fe9acca2-1451-465f-97e8-2da5b3dd017d','https://res.cloudinary.com/dsgm2hnqp/image/upload/v1710867828/yr3hmbfr88xllnmfmmg5.webp','b285ec90-0506-47e6-b7c3-24a842e187d6','2024-03-19 17:04:12.628','2024-03-19 17:04:12.628'),
	 ('00119a06-c9a8-41ec-9e3c-f9a0a1492c11','https://res.cloudinary.com/dsgm2hnqp/image/upload/v1710868636/m3mvulvu2esvbhvrfhga.jpg','3c9afade-5289-47a0-bc58-ad3d8f00d266','2024-03-19 17:17:22.936','2024-03-19 17:17:22.936'),
	 ('c0237723-d831-40c8-bde7-bb96be21e57c','https://res.cloudinary.com/dsgm2hnqp/image/upload/v1710868803/z6eobfwsowzxevyirsmm.webp','af4676e2-d0b6-405f-9604-c9230288a4dc','2024-03-19 17:20:14.83','2024-03-19 17:20:14.83'),
	 ('671cbdda-131a-4bcb-974f-247ea08e8dad','https://res.cloudinary.com/dsgm2hnqp/image/upload/v1710869003/dtffavpqoch4xwhndtut.webp','8fa8ecc5-dc31-47fe-bc6c-61fd24bd2c75','2024-03-19 17:23:30.648','2024-03-19 17:23:30.648'),
	 ('678f2376-732a-46df-a97e-9ff95466a3a2','https://res.cloudinary.com/dsgm2hnqp/image/upload/v1710869497/qwhfseqbvialvswk9nqz.webp','55ef9bd6-7f08-427e-8d36-f5c9f3533575','2024-03-19 17:31:55.039','2024-03-19 17:31:55.039'),
	 ('5278489e-cf71-486e-ac43-de13d8af40a2','https://res.cloudinary.com/dsgm2hnqp/image/upload/v1710868100/rriag21rfllgxemlyeq3.webp','98780606-213f-45c0-8e27-3b4cc239612b','2024-03-19 17:32:24.774','2024-03-19 17:32:24.774'),
	 ('349aba56-5af8-4ebc-9125-9ae692f1dac1','https://res.cloudinary.com/dsgm2hnqp/image/upload/v1710869540/fnobiv0gjzq6ztjrtah5.webp','98780606-213f-45c0-8e27-3b4cc239612b','2024-03-19 17:32:24.774','2024-03-19 17:32:24.774'),
	 ('c55aeca8-8afe-42d6-bc8c-25b5e5d7621c','https://res.cloudinary.com/dsgm2hnqp/image/upload/v1710869675/mmnbaiyjwgosah1iuliv.webp','00ab33d6-c446-4a0d-9aca-9ca1ca3a7157','2024-03-19 17:34:57.044','2024-03-19 17:34:57.044'),
	 ('46e2e6e0-d69e-42b8-849c-46fb288651d6','https://res.cloudinary.com/dsgm2hnqp/image/upload/v1710869684/xhwjefo5zaw4a243ydqh.webp','00ab33d6-c446-4a0d-9aca-9ca1ca3a7157','2024-03-19 17:34:57.044','2024-03-19 17:34:57.044'),
	 ('bf0626b2-1420-4329-88bd-e1e2205f62b7','https://res.cloudinary.com/dsgm2hnqp/image/upload/v1710869972/utyp6g1qhv8atxnsrent.webp','7d99a65c-3284-4453-ac72-328e1733ad12','2024-03-19 17:39:50.947','2024-03-19 17:39:50.947'),
	 ('cdeb8723-6d45-4288-bca0-282755e9e1d2','https://res.cloudinary.com/dsgm2hnqp/image/upload/v1710869978/qa0q74qdis7ycsoift5n.webp','7d99a65c-3284-4453-ac72-328e1733ad12','2024-03-19 17:39:50.947','2024-03-19 17:39:50.947'),
	 ('2ffd4a80-d6d9-4d57-891d-a6b532e55b5a','https://res.cloudinary.com/dsgm2hnqp/image/upload/v1710870071/uwx70ne3i8t7xis5pkbs.webp','716d9922-dbf0-4f3d-aac7-233565bc8b22','2024-03-19 17:41:30.268','2024-03-19 17:41:30.268'),
	 ('a47eb931-9cc9-4bd7-bb34-8ccce45541c2','https://res.cloudinary.com/dsgm2hnqp/image/upload/v1710870076/gauilqwz97ryc2tjf5mx.webp','716d9922-dbf0-4f3d-aac7-233565bc8b22','2024-03-19 17:41:30.268','2024-03-19 17:41:30.268'),
	 ('4970b1ca-4931-4be9-ae0a-9956ca97e887','https://res.cloudinary.com/dsgm2hnqp/image/upload/v1710893643/ypaz4unpqrfscbnk5vrm.webp','10285fca-3427-43d0-9a7b-a7ecfb1045d8','2024-03-20 00:16:02.683','2024-03-20 00:16:02.683'),
	 ('2b99e167-b0d9-4e8b-bb73-b546edebd1b3','https://res.cloudinary.com/dsgm2hnqp/image/upload/v1710893654/q3tgvpc9stm5anyugons.webp','10285fca-3427-43d0-9a7b-a7ecfb1045d8','2024-03-20 00:16:02.683','2024-03-20 00:16:02.683'),
	 ('2eedd3d2-788d-4aa8-b4ab-afe702e504d9','https://res.cloudinary.com/dsgm2hnqp/image/upload/v1710894619/ucfzn6ecv2cd3xnwimtg.webp','3c94fdac-b08b-4290-9fea-8ea66f0aa42b','2024-03-20 00:31:12.149','2024-03-20 00:31:12.149'),
	 ('1432f501-1891-4791-9384-1c8f802a8ca4','https://res.cloudinary.com/dsgm2hnqp/image/upload/v1710894844/tmlrvusaswexepayphln.webp','c38ae434-c78a-4658-ae38-10f5b9e39df8','2024-03-20 00:34:21.451','2024-03-20 00:34:21.451'),
	 ('dd148352-456e-440e-837b-1a3530563e95','https://res.cloudinary.com/dsgm2hnqp/image/upload/v1710895010/krqpoo9vf1xczgfhqpkb.webp','0d47cd16-ebd5-408a-b69b-bb06df351736','2024-03-20 00:37:05.326','2024-03-20 00:37:05.326'),
	 ('f65bf6a7-9446-4cd4-b7dc-06e907773f87','https://res.cloudinary.com/dsgm2hnqp/image/upload/v1710900288/mtadbbv7urqktftkolol.webp','b9c40f9c-7026-487e-9466-e3f8535d2e69','2024-03-20 02:05:41.047','2024-03-20 02:05:41.047'),
	 ('5461a234-a130-401a-aefd-fb94e8fd8df5','https://res.cloudinary.com/dsgm2hnqp/image/upload/v1710900807/npueyknv3vgudgugfhrm.webp','d8f5885d-a137-4587-8e29-2d6b0f4ef144','2024-03-20 02:14:01.074','2024-03-20 02:14:01.074'),
	 ('a5b5f543-015c-4307-9162-31dc387caad4','https://res.cloudinary.com/dsgm2hnqp/image/upload/v1710900895/lhvgkjjrwrdpsgwwhlga.webp','44df7acb-c22c-4c11-80b1-509c6cac16bb','2024-03-20 02:15:32.092','2024-03-20 02:15:32.092'),
	 ('c1b5f686-36c1-4c45-86a6-970947b1b75c','https://res.cloudinary.com/dsgm2hnqp/image/upload/v1710901012/lfdokuxvdjkn2xj1lyc1.webp','8782d4b8-eb6f-4e3e-9d7f-373e838e1ee7','2024-03-20 02:17:03.914','2024-03-20 02:17:03.914'),
	 ('146159d2-3ab2-4533-849a-45a59bca8939','https://res.cloudinary.com/dsgm2hnqp/image/upload/v1710901835/n85dzp1yl2nxjeccghfa.webp','e29b3188-2203-4ead-8fa4-41466bf756d4','2024-03-20 02:30:42.977','2024-03-20 02:30:42.977'),
	 ('19fa87f7-76bc-4055-8b4b-8218b1bee0bf','https://res.cloudinary.com/dsgm2hnqp/image/upload/v1710901859/i6rq06qcf8vmp25x5des.webp','49ada577-e3bf-4395-9548-1a2c7cbe952d','2024-03-20 02:31:19.174','2024-03-20 02:31:19.174'),
	 ('2f699e3c-0cc1-4dd9-b3c3-df14c89c73df','https://res.cloudinary.com/dsgm2hnqp/image/upload/v1710902061/pnak3egz7qoospl1i8kq.webp','48a462be-edc9-42d0-8cc8-abee8c2f8352','2024-03-20 02:35:06.533','2024-03-20 02:35:06.533'),
	 ('3526b928-57f9-46bd-8af5-2dd24ad19c25','https://res.cloudinary.com/dsgm2hnqp/image/upload/v1710902069/os9q8lw0ssu9k4p6jr02.webp','48a462be-edc9-42d0-8cc8-abee8c2f8352','2024-03-20 02:35:06.533','2024-03-20 02:35:06.533'),
	 ('c5751377-f737-428e-8578-4dbcb051a490','https://res.cloudinary.com/dsgm2hnqp/image/upload/v1710902269/lfdndlnlj9mq5u4lvnxv.webp','06ca240c-b9bc-45bc-a3fa-ca20cb97157f','2024-03-20 02:37:58.027','2024-03-20 02:37:58.027'),
	 ('18c40536-bf03-47d1-ae8d-a8c599c5da04','https://res.cloudinary.com/dsgm2hnqp/image/upload/v1710902381/gkc6b27gm6iixmm3wpub.webp','2cc29d78-919f-404d-a6be-a560271eaa83','2024-03-20 02:39:57.016','2024-03-20 02:39:57.016'),
	 ('e6bbe37d-9d78-4eae-8c2a-983c9f8cfcdf','https://res.cloudinary.com/dsgm2hnqp/image/upload/v1710902580/aggt6ipcj8wmcr37wvxi.webp','7a326dd0-05ec-42ca-98ef-9463d1a23345','2024-03-20 02:43:39.842','2024-03-20 02:43:39.842'),
	 ('08b13bfa-7bdf-4c83-b6ca-5340f7d19cb3','https://res.cloudinary.com/dsgm2hnqp/image/upload/v1710902605/tq1v1gwayf7qt07jgo8y.jpg','7a326dd0-05ec-42ca-98ef-9463d1a23345','2024-03-20 02:43:39.842','2024-03-20 02:43:39.842'),
	 ('9c15aa7e-116c-4f6b-9ae5-e40f39bab2c0','https://res.cloudinary.com/dsgm2hnqp/image/upload/v1710977807/cikirhizamb7hy6ewsgp.webp','f4bc10e8-a87d-4327-ad7d-1891692b22e1','2024-03-20 23:36:57.271','2024-03-20 23:36:57.271'),
	 ('a193b431-7056-43e1-932a-67227ffeb42d','https://res.cloudinary.com/dsgm2hnqp/image/upload/v1710978274/qaipm8k0v25y3ya4dhqt.webp','53f00ad7-5762-40e5-aacf-aba549bb7faa','2024-03-20 23:44:53.307','2024-03-20 23:44:53.307'),
	 ('3d8c002c-721a-4a98-b6b4-0b7652976483','https://res.cloudinary.com/dsgm2hnqp/image/upload/v1710978280/trgzfc0univadaj8l5sm.webp','53f00ad7-5762-40e5-aacf-aba549bb7faa','2024-03-20 23:44:53.307','2024-03-20 23:44:53.307'),
	 ('175f6eb1-86f2-4e77-bfb0-2e27b961aa42','https://res.cloudinary.com/dsgm2hnqp/image/upload/v1710978287/tphxeoj45xhq86yhybsq.webp','53f00ad7-5762-40e5-aacf-aba549bb7faa','2024-03-20 23:44:53.307','2024-03-20 23:44:53.307'),
	 ('3819b816-ba1f-4b6d-9fe9-b6b36e6fa363','https://res.cloudinary.com/dsgm2hnqp/image/upload/v1710978540/rty668oiqjpdlwftynxq.webp','f2ebfc93-9f5c-4724-83d1-f79f9b2e1c81','2024-03-20 23:49:24.86','2024-03-20 23:49:24.86'),
	 ('9cd039b6-9403-4754-950b-25ddbe2ded61','https://res.cloudinary.com/dsgm2hnqp/image/upload/v1710978557/nfu4skkelscunqpgq830.webp','f2ebfc93-9f5c-4724-83d1-f79f9b2e1c81','2024-03-20 23:49:24.86','2024-03-20 23:49:24.86'),
	 ('6f7f7806-26ac-42b7-8e81-3510d08caa25','https://res.cloudinary.com/dsgm2hnqp/image/upload/v1710978557/k1juww5qcydnwjpe7gsl.jpg','f2ebfc93-9f5c-4724-83d1-f79f9b2e1c81','2024-03-20 23:49:24.86','2024-03-20 23:49:24.86'),
	 ('da007406-0bb0-4acc-a11a-88ec9484844e','https://res.cloudinary.com/dsgm2hnqp/image/upload/v1710978844/vwohdgb3ymjiz0pjszlx.webp','99830922-fcf5-4b61-ab46-0e9dda24f6e3','2024-03-20 23:54:17.504','2024-03-20 23:54:17.504'),
	 ('f992ad1c-e809-40fa-bf8f-2db27d23c69d','https://res.cloudinary.com/dsgm2hnqp/image/upload/v1710979342/upyegvq8cintp6c3mhkl.jpg','b555b05f-7a5b-41a9-be66-210e82686cd3','2024-03-21 00:04:05.185','2024-03-21 00:04:05.185'),
	 ('762a2088-f656-4732-8c78-43255724bf46','https://res.cloudinary.com/dsgm2hnqp/image/upload/v1710979398/nz8kupnt6sjtn8g2qfxs.jpg','b555b05f-7a5b-41a9-be66-210e82686cd3','2024-03-21 00:04:05.185','2024-03-21 00:04:05.185'),
	 ('a2ff9200-f319-41e2-ad8c-cced04b85883','https://res.cloudinary.com/dsgm2hnqp/image/upload/v1710979501/bw7skdetqos1bnnrislh.jpg','12892add-81d0-4aae-a7e4-ed2cca319d6c','2024-03-21 00:05:26.132','2024-03-21 00:05:26.132'),
	 ('82c11216-54cb-43fc-9748-ce37f5ddd7ef','https://res.cloudinary.com/dsgm2hnqp/image/upload/v1710979511/jjneew4muozqzxdfpjqu.jpg','12892add-81d0-4aae-a7e4-ed2cca319d6c','2024-03-21 00:05:26.132','2024-03-21 00:05:26.132'),
	 ('f277624a-703f-499e-88d7-a262392f9efc','https://res.cloudinary.com/dsgm2hnqp/image/upload/v1710979713/uy6m1isxscprnbxhdvgm.jpg','7f1022e3-fcfe-492f-a493-d2f46c0d711a','2024-03-21 00:09:01.352','2024-03-21 00:09:01.352'),
	 ('11635c37-c29e-432a-9716-f2aa56331e2f','https://res.cloudinary.com/dsgm2hnqp/image/upload/v1710979719/cfmegl3k5zcye6vu8gjx.jpg','7f1022e3-fcfe-492f-a493-d2f46c0d711a','2024-03-21 00:09:01.352','2024-03-21 00:09:01.352'),
	 ('450479f4-a2fb-4e9c-b633-d5cf1bebff11','https://res.cloudinary.com/dsgm2hnqp/image/upload/v1710981813/fgacpjp6uwks1wgnoink.jpg','dcf92f99-cb2e-4065-85e1-b392773abe9a','2024-03-21 00:44:10.542','2024-03-21 00:44:10.542'),
	 ('8432e708-89c6-4b6c-ab66-a867793c11c8','https://res.cloudinary.com/dsgm2hnqp/image/upload/v1710981813/vs6eubusbnzqf6lqanmy.jpg','dcf92f99-cb2e-4065-85e1-b392773abe9a','2024-03-21 00:44:10.542','2024-03-21 00:44:10.542'),
	 ('cfd9a40a-0d33-4eab-81b2-dbe8313900de','https://res.cloudinary.com/dsgm2hnqp/image/upload/v1710982037/cxubynqizepsvhfi8mfj.jpg','642a8397-76e0-4be7-9318-d65b4b1f168c','2024-03-21 00:47:22.74','2024-03-21 00:47:22.74'),
	 ('5615bff8-2a42-4635-8fd5-f4d200067e1c','https://res.cloudinary.com/dsgm2hnqp/image/upload/v1710982153/uxw3ndybvb4i2b9fg3yt.jpg','a52098a7-b430-41b3-b598-abf15ed2499c','2024-03-21 00:50:42.074','2024-03-21 00:50:42.074'),
	 ('80934e6c-bd5e-4902-bd94-22b44826240d','https://res.cloudinary.com/dsgm2hnqp/image/upload/v1710982210/cm4o4uahpnuvgtigci37.jpg','a52098a7-b430-41b3-b598-abf15ed2499c','2024-03-21 00:50:42.074','2024-03-21 00:50:42.074');
INSERT INTO public.images (id,url,product_color_id,created_at,updated_at) VALUES
	 ('cf3ce54d-84b2-4fd4-bf15-4b9968b9d9af','https://res.cloudinary.com/dsgm2hnqp/image/upload/v1710982596/zyhebdh5nesongoqumu2.jpg','ed6dd2ce-1856-4eb6-9944-884606b9663b','2024-03-21 00:57:07.455','2024-03-21 00:57:07.455'),
	 ('25f7a2c3-2977-4cee-907b-af9a7d12d02c','https://res.cloudinary.com/dsgm2hnqp/image/upload/v1710982605/k8zdqnrca2hdpatldrtv.jpg','ed6dd2ce-1856-4eb6-9944-884606b9663b','2024-03-21 00:57:07.455','2024-03-21 00:57:07.455'),
	 ('f464928c-5b8c-47d5-a404-2c7043ed981b','https://res.cloudinary.com/dsgm2hnqp/image/upload/v1710983160/hnd8c87wt4zjcsc2n82c.jpg','99ea22bd-4d1f-4960-847a-1b60862839a2','2024-03-21 01:06:32.064','2024-03-21 01:06:32.064'),
	 ('02d34136-13c4-4882-b2a5-36d302bb113e','https://res.cloudinary.com/dsgm2hnqp/image/upload/v1710983171/otqybpstwbx5z2dirfck.jpg','99ea22bd-4d1f-4960-847a-1b60862839a2','2024-03-21 01:06:32.064','2024-03-21 01:06:32.064'),
	 ('9c3bf9f7-1dab-45dd-8fda-583d49a1f195','https://res.cloudinary.com/dsgm2hnqp/image/upload/v1710983355/lsjxqg4uq9d8b6kwe6se.jpg','3374d9ce-58d8-4743-b493-2cd8cb97397c','2024-03-21 01:09:36.271','2024-03-21 01:09:36.271'),
	 ('a4934123-74e7-4f90-986c-b58bfc860f00','https://res.cloudinary.com/dsgm2hnqp/image/upload/v1710983362/wtnalrsxpoa4gjkqilcl.jpg','3374d9ce-58d8-4743-b493-2cd8cb97397c','2024-03-21 01:09:36.271','2024-03-21 01:09:36.271'),
	 ('d66f3265-9f34-4132-b20b-d4f587b497ca','https://res.cloudinary.com/dsgm2hnqp/image/upload/v1710983698/gbneibimsczyxwbd20kc.jpg','c416cf2e-d84f-4073-ba02-695388babfd6','2024-03-21 01:15:04.474','2024-03-21 01:15:04.474'),
	 ('78726135-c9b9-40e2-ac87-44e590bb47c6','https://res.cloudinary.com/dsgm2hnqp/image/upload/v1710984156/zqe2l3t97wubywsjlaxh.jpg','803e77f9-08b7-4a28-85ae-c7d784c1f994','2024-03-21 01:22:46.952','2024-03-21 01:22:46.952'),
	 ('ac6be0f0-5172-42f6-986a-9861ccb99b18','https://res.cloudinary.com/dsgm2hnqp/image/upload/v1710984156/ywjz8k9qrojpo8xgfioo.jpg','803e77f9-08b7-4a28-85ae-c7d784c1f994','2024-03-21 01:22:46.952','2024-03-21 01:22:46.952'),
	 ('b34497a9-5c11-4518-819f-bf83d2cb0793','https://res.cloudinary.com/dsgm2hnqp/image/upload/v1710984218/ueh4b7pzeqtdbi3l3zw7.jpg','9d964095-7859-4f11-8555-747ad560c4aa','2024-03-21 01:24:00.781','2024-03-21 01:24:00.781'),
	 ('6c386451-4db4-48a3-94e4-d853e67a2fbd','https://res.cloudinary.com/dsgm2hnqp/image/upload/v1710984227/hueewscpjpkk3axocrpl.jpg','9d964095-7859-4f11-8555-747ad560c4aa','2024-03-21 01:24:00.781','2024-03-21 01:24:00.781'),
	 ('ee789f8f-4db4-411a-8157-10300161d691','https://res.cloudinary.com/dsgm2hnqp/image/upload/v1710984440/wrrfwy9cuwqg4xhkugh4.jpg','edd265fd-8ac5-41e8-94b6-3fddc24175d7','2024-03-21 01:27:57.032','2024-03-21 01:27:57.032'),
	 ('592d8be2-ec03-445d-95b2-6d4ba674cf1a','https://res.cloudinary.com/dsgm2hnqp/image/upload/v1710984447/lclmx3rb4ggo6s20ekda.jpg','edd265fd-8ac5-41e8-94b6-3fddc24175d7','2024-03-21 01:27:57.032','2024-03-21 01:27:57.032'),
	 ('938d064d-ccb4-4646-a3fd-4d99f4b79f8f','https://res.cloudinary.com/dsgm2hnqp/image/upload/v1710984679/tpgjjibsxpzjqxwqqn2y.jpg','dfd78808-ce45-44bf-88a9-31ea20b18c12','2024-03-21 01:31:40.269','2024-03-21 01:31:40.269'),
	 ('d6ecb461-36b1-45fd-9f2e-b1ca0a9dfea6','https://res.cloudinary.com/dsgm2hnqp/image/upload/v1710984688/mjufmjwzawiglg0pvotn.jpg','dfd78808-ce45-44bf-88a9-31ea20b18c12','2024-03-21 01:31:40.269','2024-03-21 01:31:40.269'),
	 ('34041cdd-d7bd-4dd2-8e4d-21588d9b0a25','https://res.cloudinary.com/dsgm2hnqp/image/upload/v1710985867/yb1vqb7oiourfx8spkl6.jpg','3de0a380-539d-4d1f-be3c-3e37cd54af3a','2024-03-21 01:51:17.832','2024-03-21 01:51:17.832'),
	 ('5731af93-c055-40e0-af34-828088f632cd','https://res.cloudinary.com/dsgm2hnqp/image/upload/v1710986330/wobolauage87nlmtgnbj.jpg','41907d28-d7b7-47fa-b349-d45372e6ae7d','2024-03-21 01:59:34.921','2024-03-21 01:59:34.921'),
	 ('e6f43024-d50f-431f-9c75-d66f20098e51','https://res.cloudinary.com/dsgm2hnqp/image/upload/v1710986330/qxvgpdgbvask3u2zg28j.jpg','41907d28-d7b7-47fa-b349-d45372e6ae7d','2024-03-21 01:59:34.921','2024-03-21 01:59:34.921'),
	 ('2d45e36b-9fc7-4427-8d74-264997b34f8e','https://res.cloudinary.com/dsgm2hnqp/image/upload/v1710986952/wxkdonezl8ey1lneenld.jpg','16abc8b6-e7ea-457d-9321-f2d80538ec7d','2024-03-21 02:09:31.882','2024-03-21 02:09:31.882'),
	 ('c8f0a156-2f4d-413e-bfa0-348d1b135ac9','https://res.cloudinary.com/dsgm2hnqp/image/upload/v1710986952/hi1n8bvmp4xprcmapa2i.jpg','16abc8b6-e7ea-457d-9321-f2d80538ec7d','2024-03-21 02:09:31.882','2024-03-21 02:09:31.882'),
	 ('958f7dd9-cfee-4ffc-bc4e-45cdd552b6f8','https://res.cloudinary.com/dsgm2hnqp/image/upload/v1710987168/dxg61zm2m5p1icgyfn0p.jpg','de8f3370-9f33-489b-b431-7d9d1d8a1a6a','2024-03-21 02:13:02.694','2024-03-21 02:13:02.694'),
	 ('5f5ce7e6-3504-4d9a-9354-0b8d97b8b98a','https://res.cloudinary.com/dsgm2hnqp/image/upload/v1710987176/vj9vhpaidfce9p6qdsix.jpg','de8f3370-9f33-489b-b431-7d9d1d8a1a6a','2024-03-21 02:13:02.694','2024-03-21 02:13:02.694'),
	 ('f34f2db0-fa79-49a1-9b1e-d48ad7c90de9','https://res.cloudinary.com/dsgm2hnqp/image/upload/v1710987533/uxjt6cibcefytmhgwvsk.jpg','0540e73f-c298-402e-8d7e-b076cf9a8d21','2024-03-21 02:18:59.454','2024-03-21 02:18:59.454'),
	 ('5e6a79c8-5c1b-4729-9ca0-0facc4229f58','https://res.cloudinary.com/dsgm2hnqp/image/upload/v1710988036/o6ubxoonkzl5zl21pzvv.jpg','4eb60228-6919-4471-81eb-1a24f776c1da','2024-03-21 02:28:05.093','2024-03-21 02:28:05.093'),
	 ('1d4ab437-d825-40cc-9fb4-458d8926464a','https://res.cloudinary.com/dsgm2hnqp/image/upload/v1710988061/edrrscghqiyyg0kfrbj1.jpg','4eb60228-6919-4471-81eb-1a24f776c1da','2024-03-21 02:28:05.093','2024-03-21 02:28:05.093'),
	 ('b4075830-f667-4931-b9cf-fc3ec656172c','https://res.cloudinary.com/dsgm2hnqp/image/upload/v1710988247/jzgnhywdd99iw0codaxe.jpg','31d98165-16a9-409f-90e2-4348fd1e92b7','2024-03-21 02:31:00.417','2024-03-21 02:31:00.417'),
	 ('95ac14fe-7118-4fc7-b076-38e44d0c0770','https://res.cloudinary.com/dsgm2hnqp/image/upload/v1710988256/eaqzcmjgo9vmvvxm5ehs.jpg','31d98165-16a9-409f-90e2-4348fd1e92b7','2024-03-21 02:31:00.417','2024-03-21 02:31:00.417'),
	 ('5b58b9dd-62f1-457d-af29-f1d1367ed0d8','https://res.cloudinary.com/dsgm2hnqp/image/upload/v1710988351/wdy3grcx2vwyzmwntlfa.avif','9c075050-ae46-47a9-a130-8f233a3aff8e','2024-03-21 02:32:46.593','2024-03-21 02:32:46.593'),
	 ('c2fbab6c-e6fb-4ac9-9603-ce9efe3969d3','https://res.cloudinary.com/dsgm2hnqp/image/upload/v1710988360/b5bluvah6bpjvornyxnq.avif','9c075050-ae46-47a9-a130-8f233a3aff8e','2024-03-21 02:32:46.593','2024-03-21 02:32:46.593'),
	 ('8074ca8a-be8a-417c-99ed-35d3456fc2ac','https://res.cloudinary.com/dsgm2hnqp/image/upload/v1711030383/bfzhlidtmlhz58mc9cvi.jpg','7b6e341b-ffaa-4b61-ba96-f0b07f2d8ab5','2024-03-21 14:14:39.235','2024-03-21 14:14:39.235'),
	 ('2fa74ae8-f94f-47ab-86ff-54cbcb23d636','https://res.cloudinary.com/dsgm2hnqp/image/upload/v1711030460/yavttr6axexbqyynabh1.jpg','7b6e341b-ffaa-4b61-ba96-f0b07f2d8ab5','2024-03-21 14:14:39.235','2024-03-21 14:14:39.235'),
	 ('a5c924ad-f9f8-4939-80d9-f4eb055f25c4','https://res.cloudinary.com/dsgm2hnqp/image/upload/v1711030918/ziciwhtmjvsxmioggz9b.webp','8a094b2a-0e8b-4629-b21a-b2c4bae22b57','2024-03-21 14:25:16.76','2024-03-21 14:25:16.76'),
	 ('da3db002-7a7f-4776-86c9-cf9495e808c0','https://res.cloudinary.com/dsgm2hnqp/image/upload/v1711031692/uaxxqexkh2fisrmeqmhg.webp','3dbb1903-820d-430f-aeb1-c9a71817dc27','2024-03-21 14:35:11.087','2024-03-21 14:35:11.087'),
	 ('d39e59ac-a786-4c97-9124-78e1d02ec278','https://res.cloudinary.com/dsgm2hnqp/image/upload/v1711031804/cjj6kfq1zaivvau9grka.webp','60766948-7b55-4550-a1d4-9bdea5299d29','2024-03-21 14:37:15.956','2024-03-21 14:37:15.956'),
	 ('5d404ef9-e82e-4bd4-b85d-b3cd369174cc','https://res.cloudinary.com/dsgm2hnqp/image/upload/v1711032453/o4yyitwd1rstgnobqsnb.webp','f9cc92a1-a440-4c49-952a-6311f7d358db','2024-03-21 14:49:35.151','2024-03-21 14:49:35.151'),
	 ('1a34bc2a-c52b-4469-9e96-68a1267c8d18','https://res.cloudinary.com/dsgm2hnqp/image/upload/v1711032559/z2mb9iprccve7zp99ay4.webp','f9cc92a1-a440-4c49-952a-6311f7d358db','2024-03-21 14:49:35.151','2024-03-21 14:49:35.151'),
	 ('60d51d00-32c7-4389-acab-442589a3a528','https://res.cloudinary.com/dsgm2hnqp/image/upload/v1711032834/qdow4gsaving9oghk5qt.jpg','a0534ec5-78e5-4544-81a8-d452c2a4f021','2024-03-21 14:54:26.272','2024-03-21 14:54:26.272'),
	 ('45173639-06ca-4842-b5d3-9606f8fce435','https://res.cloudinary.com/dsgm2hnqp/image/upload/v1711032841/aogrqpdjviftlceo71yp.jpg','a0534ec5-78e5-4544-81a8-d452c2a4f021','2024-03-21 14:54:26.272','2024-03-21 14:54:26.272'),
	 ('f97ec2d7-8e2a-458e-9d46-74e6df9fac83','https://res.cloudinary.com/dsgm2hnqp/image/upload/v1711033053/ne4vuzyzvlrgp9ilq3tq.webp','a37af1dc-521b-434f-bb1b-e724944812c5','2024-03-21 14:58:01.254','2024-03-21 14:58:01.254'),
	 ('717a5916-5a37-45fe-8953-60efb9266e60','https://res.cloudinary.com/dsgm2hnqp/image/upload/v1711033138/tuf9gxdauvfu0a4ucib8.webp','38d65eeb-4e9e-4c92-8929-9a3a684ec2c9','2024-03-21 14:59:07.382','2024-03-21 14:59:07.382'),
	 ('a783cc8f-d2c9-46f4-a32d-216fc5a7b48e','https://res.cloudinary.com/dsgm2hnqp/image/upload/v1711033161/mkjtlczxlwudkxumqur9.webp','a87a8333-c6df-4b92-b7ab-3dbdcbdb7446','2024-03-21 15:00:27.6','2024-03-21 15:00:27.6'),
	 ('ac03d88b-de4d-4ace-b370-0e04e9f41c38','https://res.cloudinary.com/dsgm2hnqp/image/upload/v1711033360/afltvko8uplbdyy5ihtw.webp','2895ad40-a4ce-49bb-89e0-e420a7063a2f','2024-03-21 15:03:16.432','2024-03-21 15:03:16.432'),
	 ('67809179-0d29-43df-9f31-65e5d4422dc8','https://res.cloudinary.com/dsgm2hnqp/image/upload/v1711033367/tuefbevsfjahn56zjl7n.webp','2895ad40-a4ce-49bb-89e0-e420a7063a2f','2024-03-21 15:03:16.432','2024-03-21 15:03:16.432'),
	 ('54a03f78-d370-4ed0-b93c-070ecd8d3ae4','https://res.cloudinary.com/dsgm2hnqp/image/upload/v1711033367/x0v4qyh8fuja76gsmaln.webp','2895ad40-a4ce-49bb-89e0-e420a7063a2f','2024-03-21 15:03:16.432','2024-03-21 15:03:16.432'),
	 ('5bbc4b7e-ee43-42e1-bc38-e9c59955d74e','https://res.cloudinary.com/dsgm2hnqp/image/upload/v1711033501/cj9fetjohy8q0npzim35.jpg','b263772b-e8ae-46cf-8218-f12e638a47de','2024-03-21 15:05:51.604','2024-03-21 15:05:51.604'),
	 ('1c1b0ea0-30b8-4fbb-b0db-9243f8bdf479','https://res.cloudinary.com/dsgm2hnqp/image/upload/v1711033501/idxwejyoccdsogmbrfhe.jpg','b263772b-e8ae-46cf-8218-f12e638a47de','2024-03-21 15:05:51.604','2024-03-21 15:05:51.604'),
	 ('e9e71d28-9950-48b3-85fd-9e04500e7c90','https://res.cloudinary.com/dsgm2hnqp/image/upload/v1711033643/c3m2vkuyh9xrgktwarfb.webp','538e42ae-8fe7-4c65-8c6d-efc9d1620a6a','2024-03-21 15:07:59.939','2024-03-21 15:07:59.939'),
	 ('2ee369de-2c24-485e-9630-54a9f2b64e9d','https://res.cloudinary.com/dsgm2hnqp/image/upload/v1711033804/yqv95qrklk1wrs5o7j5f.webp','88f0f586-66c6-4dd8-92bf-7da7a32a3d89','2024-03-21 15:10:25.914','2024-03-21 15:10:25.914'),
	 ('dcaaf255-ad63-4b97-af2c-884f96c8874e','https://res.cloudinary.com/dsgm2hnqp/image/upload/v1711033812/jzgdtn3tcrfpseradie3.webp','88f0f586-66c6-4dd8-92bf-7da7a32a3d89','2024-03-21 15:10:25.914','2024-03-21 15:10:25.914'),
	 ('2d7b9c9e-8c24-402e-94c3-e503451d5382','https://res.cloudinary.com/dsgm2hnqp/image/upload/v1711034022/atbmkjw8gjko8vny8lqm.jpg','4465aa7f-065c-4dbf-91c5-cfb1298c08de','2024-03-21 15:14:09.086','2024-03-21 15:14:09.086');
INSERT INTO public.images (id,url,product_color_id,created_at,updated_at) VALUES
	 ('1d99cc46-02dd-490b-92e3-16f3c3b08f8f','https://res.cloudinary.com/dsgm2hnqp/image/upload/v1711034029/mk1ouccyqfrfoirc26gp.jpg','4465aa7f-065c-4dbf-91c5-cfb1298c08de','2024-03-21 15:14:09.086','2024-03-21 15:14:09.086'),
	 ('3b058dc7-1e6d-4fa5-9656-04830cf55c48','https://res.cloudinary.com/dsgm2hnqp/image/upload/v1711034117/epqzsgin04v9wvgkwcd5.jpg','1f19879d-9d71-46ab-8cb6-15df08a049b0','2024-03-21 15:15:33.91','2024-03-21 15:15:33.91'),
	 ('accaacaf-2782-4ab0-9b4e-a2cd3c935c2e','https://res.cloudinary.com/dsgm2hnqp/image/upload/v1711034267/v2qswkx5aill5ety4hov.png','0383cac0-3cb6-4a21-97bf-01c80053ac6c','2024-03-21 15:18:42.545','2024-03-21 15:18:42.545'),
	 ('1e4b7e0d-dc69-4475-b0fe-dbc51ed11ec1','https://res.cloudinary.com/dsgm2hnqp/image/upload/v1711034463/j0kc0po8gxh55wfid8ba.jpg','647866bf-fb82-444f-8300-c2fa9913f305','2024-03-21 15:22:02.782','2024-03-21 15:22:02.782'),
	 ('2aaaf294-9b50-43ff-b8a3-c47270f79c30','https://res.cloudinary.com/dsgm2hnqp/image/upload/v1711034471/graengf48zfrhjigypn1.jpg','647866bf-fb82-444f-8300-c2fa9913f305','2024-03-21 15:22:02.782','2024-03-21 15:22:02.782'),
	 ('5244f9b9-0ac9-405d-a3ca-7425af93ca27','https://res.cloudinary.com/dsgm2hnqp/image/upload/v1711034806/zz6emeunqjbdrkxc6nse.webp','34f432ce-507b-4f61-b2a8-e8b44198a560','2024-03-21 15:28:27.947','2024-03-21 15:28:27.947'),
	 ('43ab0cb7-2c9e-4583-bc72-6f588e615348','https://res.cloudinary.com/dsgm2hnqp/image/upload/v1711034904/phafxihgqtd9wesija1c.webp','34f432ce-507b-4f61-b2a8-e8b44198a560','2024-03-21 15:28:27.947','2024-03-21 15:28:27.947'),
	 ('d8a04a3b-d582-44ca-96eb-308ed7a0e27d','https://res.cloudinary.com/dsgm2hnqp/image/upload/v1711035444/vqildpzpgy4x6heaaezq.jpg','09a569f2-766c-4082-b14b-bcd9d86590d3','2024-03-21 15:37:30.785','2024-03-21 15:37:30.785'),
	 ('83756d9f-3d37-4f94-9a8c-d01cfb2e9dcc','https://res.cloudinary.com/dsgm2hnqp/image/upload/v1711035444/kljkddx9zrxz9keha6nj.jpg','09a569f2-766c-4082-b14b-bcd9d86590d3','2024-03-21 15:37:30.785','2024-03-21 15:37:30.785'),
	 ('427bbb31-7615-470e-8416-24bcd0cf40de','https://res.cloudinary.com/dsgm2hnqp/image/upload/v1711035709/jpoa1y8qvqzkevf7wxvx.jpg','155b79f6-1db7-497d-921e-b8607c7d2dcf','2024-03-21 15:42:23.03','2024-03-21 15:42:23.03'),
	 ('3663342c-5150-4619-b3ee-e11de6408a6b','https://res.cloudinary.com/dsgm2hnqp/image/upload/v1711035717/prbklzeji4hmheedsp0i.jpg','155b79f6-1db7-497d-921e-b8607c7d2dcf','2024-03-21 15:42:23.03','2024-03-21 15:42:23.03'),
	 ('483fd749-299d-4d36-8f05-5bc1ecfc53af','https://res.cloudinary.com/dsgm2hnqp/image/upload/v1711035892/qv7rxrigaxhlvwoljwd4.jpg','4f122b76-1c62-42d5-a8b7-4963ce2c4ae5','2024-03-21 15:46:01.051','2024-03-21 15:46:01.051'),
	 ('247011ac-f9e6-4d4d-bd80-5afbb7dca864','https://res.cloudinary.com/dsgm2hnqp/image/upload/v1711035903/egpvvxjlj2dfsjhypq8a.jpg','4f122b76-1c62-42d5-a8b7-4963ce2c4ae5','2024-03-21 15:46:01.051','2024-03-21 15:46:01.051'),
	 ('56387021-e948-43d3-a24b-f88ca3dde644','https://res.cloudinary.com/dsgm2hnqp/image/upload/v1711036397/bj4v6mttjxotz7b5rvhz.jpg','52e3f808-55c3-4236-9e31-0745051556f4','2024-03-21 15:53:26.208','2024-03-21 15:53:26.208'),
	 ('a7e95af9-a93c-4de3-a4c3-b77e9aa2d71b','https://res.cloudinary.com/dsgm2hnqp/image/upload/v1711036397/fdg5r1szddxm0osttrxb.jpg','52e3f808-55c3-4236-9e31-0745051556f4','2024-03-21 15:53:26.208','2024-03-21 15:53:26.208'),
	 ('264d9f5f-e41f-440f-a5bb-d86dcc5c3289','https://res.cloudinary.com/dsgm2hnqp/image/upload/v1711293006/au7qw6tsjbicteam3cwt.png','42e48053-670e-4def-a995-5355f032465f','2024-03-24 15:11:30.587','2024-03-24 15:11:30.587'),
	 ('597660d9-9088-4ad7-bc01-722a4569d451','https://res.cloudinary.com/dsgm2hnqp/image/upload/v1711293012/ca8r4opgppndvkbd6ckd.jpg','42e48053-670e-4def-a995-5355f032465f','2024-03-24 15:11:30.587','2024-03-24 15:11:30.587'),
	 ('e31b8db1-0ed2-47ef-a969-19a71ff1c6fb','https://res.cloudinary.com/dsgm2hnqp/image/upload/v1711293035/p8lmwj3bq6fo4mui00zz.jpg','42e48053-670e-4def-a995-5355f032465f','2024-03-24 15:11:30.587','2024-03-24 15:11:30.587'),
	 ('080b2854-3386-44ad-9177-fc7247459c99','https://res.cloudinary.com/dsgm2hnqp/image/upload/v1711293326/psienawvukrqrfva857l.jpg','aa9c1eaf-c6ea-42f0-b1a9-3dec7feb5aa1','2024-03-24 15:15:41.984','2024-03-24 15:15:41.984'),
	 ('4d82f85f-0553-4688-a3b9-d031ad1be5b5','https://res.cloudinary.com/dsgm2hnqp/image/upload/v1711293335/k0to8aoxtkrscwxvwzxh.jpg','aa9c1eaf-c6ea-42f0-b1a9-3dec7feb5aa1','2024-03-24 15:15:41.984','2024-03-24 15:15:41.984'),
	 ('dcc518d9-ff4f-474a-9667-3350076d6c4c','https://res.cloudinary.com/dsgm2hnqp/image/upload/v1711293426/evhbu9kbqtgpign8vfyo.jpg','7a4c3bcc-4a61-4742-ba06-87cf3de769b2','2024-03-24 15:18:16.179','2024-03-24 15:18:16.179'),
	 ('913d6936-e6f5-4f4a-acaa-929232b5a0de','https://res.cloudinary.com/dsgm2hnqp/image/upload/v1711293439/k4ixfylqxsoygrevqs1t.jpg','7a4c3bcc-4a61-4742-ba06-87cf3de769b2','2024-03-24 15:18:16.179','2024-03-24 15:18:16.179'),
	 ('9ea4f164-024c-40dc-a0d6-783f8cad2ccd','https://res.cloudinary.com/dsgm2hnqp/image/upload/v1711293439/eyrjmjjtczyeg6tg9ojg.jpg','7a4c3bcc-4a61-4742-ba06-87cf3de769b2','2024-03-24 15:18:16.179','2024-03-24 15:18:16.179'),
	 ('889e7685-c1e7-4d0b-a753-f0ba67f13bf4','https://res.cloudinary.com/dsgm2hnqp/image/upload/v1711293620/fomzsxre3rypm6lf5owq.jpg','2e494cce-85ae-4cf1-a43e-6d3b161aad34','2024-03-24 15:21:49.002','2024-03-24 15:21:49.002'),
	 ('6b634703-3825-4cc8-aed9-f900703e2f97','https://res.cloudinary.com/dsgm2hnqp/image/upload/v1711293633/co1qkbbfwoynlguqvzk0.jpg','2e494cce-85ae-4cf1-a43e-6d3b161aad34','2024-03-24 15:21:49.002','2024-03-24 15:21:49.002'),
	 ('6ebee737-08ef-4e1f-9b4c-58cc8c202406','https://res.cloudinary.com/dsgm2hnqp/image/upload/v1711293632/qni4cwnlejvk0m91qqw9.jpg','2e494cce-85ae-4cf1-a43e-6d3b161aad34','2024-03-24 15:21:49.002','2024-03-24 15:21:49.002'),
	 ('9b513e27-6aa0-401e-a115-1999057a46ed','https://res.cloudinary.com/dsgm2hnqp/image/upload/v1711294491/drj4dgdaqhvndykwsrfb.jpg','a7695f46-52ce-4a79-ac6d-2d443ea3eb5d','2024-03-24 15:35:15.237','2024-03-24 15:35:15.237'),
	 ('0d44cabe-bfbb-40cf-a977-ab8e1dd99b19','https://res.cloudinary.com/dsgm2hnqp/image/upload/v1711294500/zwnd13muspax4ldzguxw.jpg','a7695f46-52ce-4a79-ac6d-2d443ea3eb5d','2024-03-24 15:35:15.237','2024-03-24 15:35:15.237'),
	 ('3b15a974-9adb-416f-87b7-e53a01168319','https://res.cloudinary.com/dsgm2hnqp/image/upload/v1711295408/enmmll1anjs4wb6pzj1g.jpg','8f9a9676-2057-4b01-9191-0ef91bb27747','2024-03-24 15:50:22.532','2024-03-24 15:50:22.532'),
	 ('74248134-36b8-471b-ada8-89d42c955b6e','https://res.cloudinary.com/dsgm2hnqp/image/upload/v1711295418/f8mgohbtb2zjcllhyeui.jpg','8f9a9676-2057-4b01-9191-0ef91bb27747','2024-03-24 15:50:22.532','2024-03-24 15:50:22.532'),
	 ('8ff55c8b-4896-4111-a7f6-8d1d8aaa9480','https://res.cloudinary.com/dsgm2hnqp/image/upload/v1711295418/fnzmwqodizxmxuohqhiv.jpg','8f9a9676-2057-4b01-9191-0ef91bb27747','2024-03-24 15:50:22.532','2024-03-24 15:50:22.532'),
	 ('afbc4095-f088-43a2-85f0-4116dde3458c','https://res.cloudinary.com/dsgm2hnqp/image/upload/v1711295829/wqisftas5wg7xmufdovj.jpg','e556c431-db10-41b5-b476-dbf2d248c1e1','2024-03-24 16:00:46.171','2024-03-24 16:00:46.171'),
	 ('65303ed3-4078-4bb1-b07c-efa95ad6b67f','https://res.cloudinary.com/dsgm2hnqp/image/upload/v1711295930/bhkkezl2xkqy8r7ed5cz.jpg','e556c431-db10-41b5-b476-dbf2d248c1e1','2024-03-24 16:00:46.171','2024-03-24 16:00:46.171'),
	 ('41fe3b53-92d7-434f-b5ec-12611dd701ae','https://res.cloudinary.com/dsgm2hnqp/image/upload/v1711296448/vgadag1rxebalfp4news.jpg','afe3587c-37d3-4102-bfe9-b446ebe0d220','2024-03-24 16:08:33.105','2024-03-24 16:08:33.105'),
	 ('dc0fa0dd-833a-4b24-83ba-4d1eecde83a4','https://res.cloudinary.com/dsgm2hnqp/image/upload/v1711296599/izgls5czc5bip3em3ffi.jpg','f9a386c8-4796-4f8d-aba5-8f725727dc81','2024-03-24 16:11:10.863','2024-03-24 16:11:10.863'),
	 ('9be01aaf-b989-4877-9f05-1fcc769c11db','https://res.cloudinary.com/dsgm2hnqp/image/upload/v1711296609/thjkyyivdldakumgaaqp.jpg','f9a386c8-4796-4f8d-aba5-8f725727dc81','2024-03-24 16:11:10.863','2024-03-24 16:11:10.863'),
	 ('dfe673dc-aad1-4ea0-845e-d376b2eca2bf','https://res.cloudinary.com/dsgm2hnqp/image/upload/v1711296751/rlddwfb5lbtnj0vvfrdp.webp','dae66244-7e9a-4d5a-957e-f2b78ee19675','2024-03-24 16:13:26.565','2024-03-24 16:13:26.565'),
	 ('42ea24d4-c5ef-4eea-8c3f-ba783f81c4b8','https://res.cloudinary.com/dsgm2hnqp/image/upload/v1711296909/bkifjguzmsceej4vhcpi.png','f5823341-3086-4d14-9fc0-d700d692eac0','2024-03-24 16:16:33.383','2024-03-24 16:16:33.383'),
	 ('e208f35d-0acb-49b9-8fe9-ee8654293380','https://res.cloudinary.com/dsgm2hnqp/image/upload/v1711297246/oca5ggcv7bgdzcon3cct.jpg','a4a68b88-9e0d-485f-be5c-7012387bdb17','2024-03-24 16:22:07.035','2024-03-24 16:22:07.035'),
	 ('e6340610-0f86-43fb-bc3f-d6f06afb501c','https://res.cloudinary.com/dsgm2hnqp/image/upload/v1711297399/vyufkwrd5iurfbmv97ao.jpg','91fdf371-8982-445e-bec3-da1298974d0c','2024-03-24 16:23:56.405','2024-03-24 16:23:56.405'),
	 ('ce010425-17e4-4fd5-a4d9-c71f2d4108c7','https://res.cloudinary.com/dsgm2hnqp/image/upload/v1711297544/g7arhx84vjgkfwms79op.jpg','c3b52a87-8329-4e1d-8140-91e8f13b53e7','2024-03-24 16:26:17.951','2024-03-24 16:26:17.951'),
	 ('55301e97-90d5-4173-b980-02ca0610a372','https://res.cloudinary.com/dsgm2hnqp/image/upload/v1711297655/nfmyzym2cmkhyg5lhkdl.webp','e739e40c-90f1-4852-9b55-8a4ff307524d','2024-03-24 16:27:52.182','2024-03-24 16:27:52.182'),
	 ('64c53722-ea22-451b-8e62-66351fe705be','https://res.cloudinary.com/dsgm2hnqp/image/upload/v1711297749/vhrbrdncrg3tc2fuuykt.webp','1f562ffa-3a51-4760-bf79-60b1c82b0642','2024-03-24 16:29:24.634','2024-03-24 16:29:24.634'),
	 ('bb5f37f3-d3cd-4243-9661-2fb498980a89','https://res.cloudinary.com/dsgm2hnqp/image/upload/v1711297950/varn8aeljskzvedgcjdo.jpg','3d36c638-af1e-4f4d-9a1f-ac0d478fe834','2024-03-24 16:32:58.46','2024-03-24 16:32:58.46'),
	 ('f4dd5dd8-9a98-4bbc-8a51-a362a9bb789e','https://res.cloudinary.com/dsgm2hnqp/image/upload/v1711297957/zrm83v9nfeju8vg5yiz4.avif','3d36c638-af1e-4f4d-9a1f-ac0d478fe834','2024-03-24 16:32:58.46','2024-03-24 16:32:58.46'),
	 ('2f2d1fdf-ac66-4727-b4df-10fdf88519d0','https://res.cloudinary.com/dsgm2hnqp/image/upload/v1711298397/vz3at1ozziyhjmq3tbxm.jpg','17a29bc6-1db6-4bb1-81ff-20bbc5a6b25c','2024-03-24 16:42:05.334','2024-03-24 16:42:05.334'),
	 ('397e36a4-e9c6-4715-ac41-9a6b8cf19127','https://res.cloudinary.com/dsgm2hnqp/image/upload/v1711298591/s2wcw7vwymelxaz3kmy6.jpg','96188b2c-2dfd-4613-b00f-2939cd94d959','2024-03-24 16:44:13.745','2024-03-24 16:44:13.745'),
	 ('1e1830e9-adf9-4daf-9606-213d51b3b2fb','https://res.cloudinary.com/dsgm2hnqp/image/upload/v1711299054/fb5qd2sslvnuw9myzl6z.webp','b408cf4e-1086-465b-b810-a0c753398fb2','2024-03-24 16:51:53.459','2024-03-24 16:51:53.459'),
	 ('fd6956f4-4d3f-4166-8624-448207deb5b2','https://res.cloudinary.com/dsgm2hnqp/image/upload/v1711299063/nrnuwo5fc2athtrdhhlm.webp','b408cf4e-1086-465b-b810-a0c753398fb2','2024-03-24 16:51:53.459','2024-03-24 16:51:53.459'),
	 ('a286d16f-17db-4c50-aab6-73c6a428c182','https://res.cloudinary.com/dsgm2hnqp/image/upload/v1711299227/mxrlrlxljbjii5eisvpl.avif','ed38e9af-1537-47b0-aa8d-c5526f96a83d','2024-03-24 16:54:02.754','2024-03-24 16:54:02.754');
INSERT INTO public.images (id,url,product_color_id,created_at,updated_at) VALUES
	 ('e1ac7908-d6d1-4800-88de-1e88be9b32d7','https://res.cloudinary.com/dsgm2hnqp/image/upload/v1711299234/gszkutrmjr0w2atnwoaz.avif','ed38e9af-1537-47b0-aa8d-c5526f96a83d','2024-03-24 16:54:02.754','2024-03-24 16:54:02.754'),
	 ('dd8d2e06-173b-4230-ba6b-c37ee4e7f841','https://res.cloudinary.com/dsgm2hnqp/image/upload/v1711299234/khy7gjtescgtz6ha8f2k.avif','ed38e9af-1537-47b0-aa8d-c5526f96a83d','2024-03-24 16:54:02.754','2024-03-24 16:54:02.754'),
	 ('3467367e-d2e7-4996-abfc-f1b6968800d6','https://res.cloudinary.com/dsgm2hnqp/image/upload/v1711299343/f6qxlipmpfa7ibcbuuea.avif','b3cf151e-b597-43c6-90e5-500b74011421','2024-03-24 16:55:57.466','2024-03-24 16:55:57.466'),
	 ('d6fe366a-5ce0-409d-b5df-a11abda593a7','https://res.cloudinary.com/dsgm2hnqp/image/upload/v1711299352/pf2qsf11mapmdswtnvx3.avif','b3cf151e-b597-43c6-90e5-500b74011421','2024-03-24 16:55:57.466','2024-03-24 16:55:57.466'),
	 ('3535b753-69e2-4fd4-b4a9-8afe6229da72','https://res.cloudinary.com/dsgm2hnqp/image/upload/v1711299352/ky51ifgun7sbnjjuatp6.avif','b3cf151e-b597-43c6-90e5-500b74011421','2024-03-24 16:55:57.466','2024-03-24 16:55:57.466'),
	 ('4fd9cb47-c088-4885-8c19-8ca07e223dfd','https://res.cloudinary.com/dsgm2hnqp/image/upload/v1711299515/usraighozt39k6uooped.jpg','9b918752-87f8-4596-b8fa-4a9e4c2b6090','2024-03-24 16:59:10.669','2024-03-24 16:59:10.669'),
	 ('3d6315e0-c327-4abc-907d-0959f0c639c6','https://res.cloudinary.com/dsgm2hnqp/image/upload/v1711299522/xnmxxjntyb3jlpsothhv.jpg','9b918752-87f8-4596-b8fa-4a9e4c2b6090','2024-03-24 16:59:10.669','2024-03-24 16:59:10.669'),
	 ('db7a66bc-5624-4fa9-8a01-6844a86b2946','https://res.cloudinary.com/dsgm2hnqp/image/upload/v1711299744/zsraoec5hfn3mnhf4wzl.jpg','ad36f373-4bb2-4775-9975-f81529aeb24d','2024-03-24 17:04:34.876','2024-03-24 17:04:34.876'),
	 ('5e5cf4ed-fb4f-46ee-aec1-b253fcdc7a5d','https://res.cloudinary.com/dsgm2hnqp/image/upload/v1711299865/mlqfenbxrw00hsqynf0g.webp','ad36f373-4bb2-4775-9975-f81529aeb24d','2024-03-24 17:04:34.876','2024-03-24 17:04:34.876'),
	 ('b52b6407-f6e0-416a-b417-75d79c4e586c','https://res.cloudinary.com/dsgm2hnqp/image/upload/v1711299865/eskfelqruuhvodytkpim.webp','ad36f373-4bb2-4775-9975-f81529aeb24d','2024-03-24 17:04:34.876','2024-03-24 17:04:34.876'),
	 ('ce1444f3-81b4-4f68-abe8-9d13dee3772a','https://res.cloudinary.com/dsgm2hnqp/image/upload/v1711300182/zjd85nrmvikm7fi17vkc.jpg','59486403-5d51-4600-98aa-5d20ae059963','2024-03-24 17:11:55.14','2024-03-24 17:11:55.14'),
	 ('e8bd3ccc-742c-4299-a964-8da7fed10605','https://res.cloudinary.com/dsgm2hnqp/image/upload/v1711300191/lrgtzj4eoofnoz5bqgxb.jpg','59486403-5d51-4600-98aa-5d20ae059963','2024-03-24 17:11:55.14','2024-03-24 17:11:55.14'),
	 ('7ad83fcf-0504-496e-84c3-cf1ec9c2b530','https://res.cloudinary.com/dsgm2hnqp/image/upload/v1711300191/exw3fnkru6yf5tdoubpv.jpg','59486403-5d51-4600-98aa-5d20ae059963','2024-03-24 17:11:55.14','2024-03-24 17:11:55.14'),
	 ('dae2cbbd-e7d8-4736-827a-6852cb4e7d03','https://res.cloudinary.com/dsgm2hnqp/image/upload/v1711300268/kooqvdj1ve8xj2jbrphh.jpg','59486403-5d51-4600-98aa-5d20ae059963','2024-03-24 17:11:55.14','2024-03-24 17:11:55.14'),
	 ('d29c04d7-8024-40bf-9eca-5c77d6e80733','https://res.cloudinary.com/dsgm2hnqp/image/upload/v1711301174/btpvoxxt8ook9e6net8n.webp','8364f6ea-6f54-48ce-a43c-a60f6bb9d763','2024-03-24 17:26:24.663','2024-03-24 17:26:24.663'),
	 ('c394f6b8-ab41-4356-95a7-da9e5c30cf54','https://res.cloudinary.com/dsgm2hnqp/image/upload/v1711301174/mmptmroxyy6pbubgwqhp.webp','8364f6ea-6f54-48ce-a43c-a60f6bb9d763','2024-03-24 17:26:24.663','2024-03-24 17:26:24.663');


INSERT INTO public.products (id,price,stock,state,product_color_id,size_category_id,created_at,updated_at) VALUES
	 ('98d66337-4f77-4309-b3bb-e9c8e45eb672',36.0,1,'DISPONIBLE','49ada577-e3bf-4395-9548-1a2c7cbe952d','a5e603b2-2f02-47b5-9597-e28a93e26f5c','2024-03-20 02:31:20.15','2024-03-20 02:31:20.15'),
	 ('b983d60d-e39a-4766-819e-48516f35c666',55.0,1,'DISPONIBLE','48a462be-edc9-42d0-8cc8-abee8c2f8352','2ca7dd12-2a30-48df-aa6c-f4690a4cd7fd','2024-03-20 02:35:07.631','2024-03-20 02:35:07.631'),
	 ('4532953f-4657-478d-8ae3-483873e1c976',36.0,1,'DISPONIBLE','06ca240c-b9bc-45bc-a3fa-ca20cb97157f','a5e603b2-2f02-47b5-9597-e28a93e26f5c','2024-03-20 02:37:58.739','2024-03-20 02:37:58.739'),
	 ('0f689eb5-78fc-4cb3-91f0-89440d6491c9',48.0,1,'DISPONIBLE','2cc29d78-919f-404d-a6be-a560271eaa83','f8f108ef-766d-47be-a547-d037fc0d1971','2024-03-20 02:39:57.704','2024-03-20 02:39:57.704'),
	 ('c217443f-2d19-45ae-967b-dad4437552a6',35.0,1,'DISPONIBLE','7a326dd0-05ec-42ca-98ef-9463d1a23345','36339c31-91d7-44e8-9fa1-10e607b66690','2024-03-20 02:43:40.56','2024-03-20 02:43:40.56'),
	 ('4ac0ba54-c49e-4e71-b5d8-b770b419f550',36.0,0,'NO_DISPONIBLE','f4bc10e8-a87d-4327-ad7d-1891692b22e1','a5e603b2-2f02-47b5-9597-e28a93e26f5c','2024-03-19 17:27:39.076','2024-03-20 23:37:02.883'),
	 ('43fdf680-3772-4ff5-80cd-a6eb2815829f',36.0,1,'DISPONIBLE','955c0e34-f2f2-42f6-899b-2973ddd2a624','d88811b1-227f-4d20-b71a-d62dd7a740aa','2024-03-19 17:03:20.415','2024-03-19 17:03:20.415'),
	 ('a3393035-019d-4d99-b3f5-24769e41637d',55.0,1,'DISPONIBLE','98780606-213f-45c0-8e27-3b4cc239612b','8b4439c7-7b01-497c-8735-18709904ae72','2024-03-19 17:08:37.985','2024-03-19 17:08:37.985'),
	 ('710e7915-da13-4357-8463-b7d02549ed8e',47.0,1,'DISPONIBLE','3c9afade-5289-47a0-bc58-ad3d8f00d266','f2129254-8ea8-4dbb-97ad-2fb2593c19a0','2024-03-19 17:16:21.694','2024-03-19 17:16:21.694'),
	 ('2d254032-f1ba-4a7f-b04f-d5dc0ca88b01',36.0,1,'DISPONIBLE','af4676e2-d0b6-405f-9604-c9230288a4dc','876610f4-e4f9-441c-afe6-1b2d18862b5f','2024-03-19 17:20:15.396','2024-03-19 17:20:15.396'),
	 ('9cefff9a-74dd-4a73-90dd-77ca81c0e941',36.0,1,'DISPONIBLE','8fa8ecc5-dc31-47fe-bc6c-61fd24bd2c75','d88811b1-227f-4d20-b71a-d62dd7a740aa','2024-03-19 17:23:31.266','2024-03-19 17:23:31.266'),
	 ('a43815b8-5387-48b4-ac5d-cfd58dd9e17d',70.0,1,'DISPONIBLE','55ef9bd6-7f08-427e-8d36-f5c9f3533575','8b4439c7-7b01-497c-8735-18709904ae72','2024-03-19 17:31:55.588','2024-03-19 17:31:55.588'),
	 ('af90d7df-cd7a-42b8-858f-7526d09fa3e7',36.0,1,'DISPONIBLE','00ab33d6-c446-4a0d-9aca-9ca1ca3a7157','a5e603b2-2f02-47b5-9597-e28a93e26f5c','2024-03-19 17:34:57.66','2024-03-19 17:34:57.66'),
	 ('a3c93ccb-2563-466f-8b9c-04a93e66d9a2',36.0,1,'DISPONIBLE','7d99a65c-3284-4453-ac72-328e1733ad12','876610f4-e4f9-441c-afe6-1b2d18862b5f','2024-03-19 17:39:51.558','2024-03-19 17:39:51.558'),
	 ('111062a8-484c-4758-b250-8f7b72714b59',55.0,1,'DISPONIBLE','10285fca-3427-43d0-9a7b-a7ecfb1045d8','bb451a3c-e3e5-4ee8-a9c6-c70fd3c0a8ae','2024-03-20 00:16:03.255','2024-03-20 00:16:03.255'),
	 ('612839aa-4fa5-48b3-b195-2b80f9f1df8d',50.0,1,'DISPONIBLE','3c94fdac-b08b-4290-9fea-8ea66f0aa42b','2ca7dd12-2a30-48df-aa6c-f4690a4cd7fd','2024-03-20 00:31:12.636','2024-03-20 00:31:12.636'),
	 ('8f1bdb3f-83a2-40ae-9183-b91ae0c72925',36.0,1,'DISPONIBLE','c38ae434-c78a-4658-ae38-10f5b9e39df8','876610f4-e4f9-441c-afe6-1b2d18862b5f','2024-03-20 00:34:21.98','2024-03-20 00:34:21.98'),
	 ('7ec8e8d4-1f9c-4f01-a39c-34398a213208',36.0,1,'DISPONIBLE','0d47cd16-ebd5-408a-b69b-bb06df351736','a5e603b2-2f02-47b5-9597-e28a93e26f5c','2024-03-20 00:37:05.891','2024-03-20 00:37:05.891'),
	 ('783f0cba-2fe5-48e5-8186-f4864e507ef8',36.0,1,'DISPONIBLE','d8f5885d-a137-4587-8e29-2d6b0f4ef144','876610f4-e4f9-441c-afe6-1b2d18862b5f','2024-03-20 02:14:02.164','2024-03-20 02:14:02.164'),
	 ('006a6a6f-b2ca-4340-afd6-0a5fdefb78a9',50.0,1,'DISPONIBLE','44df7acb-c22c-4c11-80b1-509c6cac16bb','2ca7dd12-2a30-48df-aa6c-f4690a4cd7fd','2024-03-20 02:15:33.09','2024-03-20 02:15:33.09'),
	 ('517fd6e6-a963-4fb9-a8b7-f2c81342ff79',55.0,1,'DISPONIBLE','8782d4b8-eb6f-4e3e-9d7f-373e838e1ee7','f8f108ef-766d-47be-a547-d037fc0d1971','2024-03-20 02:17:04.633','2024-03-20 02:17:04.633'),
	 ('3aca6544-a7a9-4b9c-b7e3-7d9839d2a436',36.0,1,'DISPONIBLE','e29b3188-2203-4ead-8fa4-41466bf756d4','a5e603b2-2f02-47b5-9597-e28a93e26f5c','2024-03-20 02:30:43.632','2024-03-20 02:30:43.632'),
	 ('ab4286c1-7717-423d-9cd4-01a8d43b66f7',105.0,1,'DISPONIBLE','53f00ad7-5762-40e5-aacf-aba549bb7faa','9b19980a-8a36-4219-98c0-232bd780c7f8','2024-03-20 23:44:53.994','2024-03-20 23:44:53.994'),
	 ('7b6ab0f5-67e4-466a-8161-cf726e3428f5',105.0,1,'DISPONIBLE','f2ebfc93-9f5c-4724-83d1-f79f9b2e1c81','b7cd7280-6b79-441a-a240-7971f8ab6e62','2024-03-20 23:49:25.796','2024-03-20 23:49:25.796'),
	 ('939e26b8-1a27-4541-bfe1-91ac2be56fe6',105.0,1,'DISPONIBLE','f2ebfc93-9f5c-4724-83d1-f79f9b2e1c81','f31f0c0c-fa38-45aa-8e2e-b2dcc29411b6','2024-03-20 23:49:46.76','2024-03-20 23:49:46.76'),
	 ('cd6cfa55-3ad1-487c-9f6b-1de240aa5892',105.0,1,'DISPONIBLE','f2ebfc93-9f5c-4724-83d1-f79f9b2e1c81','72b7a8a7-2f6a-4018-9c8d-915d54bc8fa8','2024-03-20 23:49:58.718','2024-03-20 23:49:58.718'),
	 ('6e62ff5c-64f3-407e-8368-e9c492074ad3',36.0,1,'DISPONIBLE','99830922-fcf5-4b61-ab46-0e9dda24f6e3','876610f4-e4f9-441c-afe6-1b2d18862b5f','2024-03-20 23:54:18.43','2024-03-20 23:54:18.43'),
	 ('49916dbb-881c-47ee-81f4-7412a7655171',36.0,0,'NO_DISPONIBLE','b285ec90-0506-47e6-b7c3-24a842e187d6','d88811b1-227f-4d20-b71a-d62dd7a740aa','2024-03-19 17:04:13.415','2024-03-21 18:59:03.4'),
	 ('148a5eea-d678-4176-956f-0fc749b7125d',36.0,1,'DISPONIBLE','b555b05f-7a5b-41a9-be66-210e82686cd3','876610f4-e4f9-441c-afe6-1b2d18862b5f','2024-03-21 00:04:05.804','2024-03-21 00:04:05.804'),
	 ('20de605f-3fdd-4b83-aca6-c09c3c08332b',36.0,1,'DISPONIBLE','12892add-81d0-4aae-a7e4-ed2cca319d6c','876610f4-e4f9-441c-afe6-1b2d18862b5f','2024-03-21 00:05:26.951','2024-03-21 00:05:26.951'),
	 ('65f3eedb-52ca-4e25-b3f8-0a26547a8768',36.0,1,'DISPONIBLE','7f1022e3-fcfe-492f-a493-d2f46c0d711a','876610f4-e4f9-441c-afe6-1b2d18862b5f','2024-03-21 00:09:02.26','2024-03-21 00:09:02.26'),
	 ('696279f9-c198-4f15-9318-d921961b6a8e',36.0,1,'DISPONIBLE','dcf92f99-cb2e-4065-85e1-b392773abe9a','876610f4-e4f9-441c-afe6-1b2d18862b5f','2024-03-21 00:44:11.148','2024-03-21 00:44:11.148'),
	 ('1c771ec5-2d2b-4d55-b100-1a8b66a164cb',36.0,1,'DISPONIBLE','642a8397-76e0-4be7-9318-d65b4b1f168c','876610f4-e4f9-441c-afe6-1b2d18862b5f','2024-03-21 00:45:20.38','2024-03-21 00:45:20.38'),
	 ('81253ccd-2e42-4c26-83b7-32d3775eaeed',36.0,1,'DISPONIBLE','a52098a7-b430-41b3-b598-abf15ed2499c','a5e603b2-2f02-47b5-9597-e28a93e26f5c','2024-03-21 00:50:42.935','2024-03-21 00:50:42.935'),
	 ('f0379930-0891-47e0-b34b-a1a8311903f4',36.0,1,'DISPONIBLE','ed6dd2ce-1856-4eb6-9944-884606b9663b','876610f4-e4f9-441c-afe6-1b2d18862b5f','2024-03-21 00:57:08.277','2024-03-21 00:57:08.277'),
	 ('7eb7d659-7aa5-4a84-a6ac-372927770bed',36.0,1,'DISPONIBLE','99ea22bd-4d1f-4960-847a-1b60862839a2','a5e603b2-2f02-47b5-9597-e28a93e26f5c','2024-03-21 01:06:32.68','2024-03-21 01:06:32.68'),
	 ('26f84b26-7630-497e-abe9-ccc050435545',36.0,1,'DISPONIBLE','3374d9ce-58d8-4743-b493-2cd8cb97397c','a5e603b2-2f02-47b5-9597-e28a93e26f5c','2024-03-21 01:09:37.087','2024-03-21 01:09:37.087'),
	 ('e1a8d329-2dd7-4280-855e-028c989c62d1',36.0,1,'DISPONIBLE','c416cf2e-d84f-4073-ba02-695388babfd6','a5e603b2-2f02-47b5-9597-e28a93e26f5c','2024-03-21 01:15:05.094','2024-03-21 01:15:05.094'),
	 ('3c1d4837-1d4f-44c8-89f5-0f1312f2b8c0',36.0,0,'NO_DISPONIBLE','803e77f9-08b7-4a28-85ae-c7d784c1f994','876610f4-e4f9-441c-afe6-1b2d18862b5f','2024-03-21 01:22:47.556','2024-03-21 01:23:18.571'),
	 ('3df752b2-45f4-41f7-8417-a3dbebb5c5e3',36.0,1,'DISPONIBLE','9d964095-7859-4f11-8555-747ad560c4aa','876610f4-e4f9-441c-afe6-1b2d18862b5f','2024-03-21 01:24:01.618','2024-03-21 01:24:01.618'),
	 ('10e990b4-ed50-4da6-bd58-c4cfbf608a7d',36.0,1,'DISPONIBLE','edd265fd-8ac5-41e8-94b6-3fddc24175d7','876610f4-e4f9-441c-afe6-1b2d18862b5f','2024-03-21 01:27:57.917','2024-03-21 01:27:57.917'),
	 ('086456b8-33f8-4f04-b499-a9ea6c94241f',20.0,1,'DISPONIBLE','3d36c638-af1e-4f4d-9a1f-ac0d478fe834',NULL,'2024-03-24 16:32:59.039','2024-03-24 16:32:59.039'),
	 ('c3d6f42e-ae93-46ca-8bc9-aacdc5b0534a',20.0,1,'DISPONIBLE','17a29bc6-1db6-4bb1-81ff-20bbc5a6b25c',NULL,'2024-03-24 16:42:05.859','2024-03-24 16:42:05.859'),
	 ('6ed79ed6-e8d2-4418-bd53-d3264d9b20ed',36.0,0,'NO_DISPONIBLE','716d9922-dbf0-4f3d-aac7-233565bc8b22','876610f4-e4f9-441c-afe6-1b2d18862b5f','2024-03-19 17:41:30.817','2024-03-29 16:33:32.737'),
	 ('3d0e3bb9-cb6d-4f23-b586-64724455cc8b',30.0,1,'DISPONIBLE','3de0a380-539d-4d1f-be3c-3e37cd54af3a','a5e603b2-2f02-47b5-9597-e28a93e26f5c','2024-03-21 01:51:18.436','2024-03-21 01:51:18.436'),
	 ('4d91e033-b08a-421e-be71-ba2930661a53',36.0,1,'DISPONIBLE','0540e73f-c298-402e-8d7e-b076cf9a8d21','876610f4-e4f9-441c-afe6-1b2d18862b5f','2024-03-21 02:19:00.013','2024-03-21 02:19:00.013'),
	 ('c2453bf8-c8da-4620-a6d7-b6841ec2a017',25.0,1,'DISPONIBLE','4eb60228-6919-4471-81eb-1a24f776c1da','a5e603b2-2f02-47b5-9597-e28a93e26f5c','2024-03-21 02:28:06.057','2024-03-21 02:28:06.057'),
	 ('8a9214da-d325-4cc5-bd4b-f019968ee585',28.0,2,'DISPONIBLE','31d98165-16a9-409f-90e2-4348fd1e92b7','a5e603b2-2f02-47b5-9597-e28a93e26f5c','2024-03-21 02:31:01.015','2024-03-21 02:31:01.015'),
	 ('b95d41b7-2437-44fa-94e6-28659c3fe26d',30.0,1,'DISPONIBLE','9c075050-ae46-47a9-a130-8f233a3aff8e','a5e603b2-2f02-47b5-9597-e28a93e26f5c','2024-03-21 02:32:47.308','2024-03-21 02:32:47.308'),
	 ('7b60d575-eb76-43fe-9712-e4f3f824d4ef',50.0,1,'DISPONIBLE','7b6e341b-ffaa-4b61-ba96-f0b07f2d8ab5','f8f108ef-766d-47be-a547-d037fc0d1971','2024-03-21 14:14:40.148','2024-03-21 14:14:40.148');
INSERT INTO public.products (id,price,stock,state,product_color_id,size_category_id,created_at,updated_at) VALUES
	 ('d55dc34e-1193-4af1-a71b-8c03db6d10f7',30.0,1,'DISPONIBLE','8a094b2a-0e8b-4629-b21a-b2c4bae22b57','36339c31-91d7-44e8-9fa1-10e607b66690','2024-03-21 14:25:17.364','2024-03-21 14:25:17.364'),
	 ('7ae03c00-0f53-466c-8cd4-dcf829b5c19a',30.0,1,'DISPONIBLE','3dbb1903-820d-430f-aeb1-c9a71817dc27','36339c31-91d7-44e8-9fa1-10e607b66690','2024-03-21 14:35:11.998','2024-03-21 14:35:11.998'),
	 ('a6080833-571b-449a-a05b-d6304778d794',30.0,1,'DISPONIBLE','60766948-7b55-4550-a1d4-9bdea5299d29','36339c31-91d7-44e8-9fa1-10e607b66690','2024-03-21 14:37:16.737','2024-03-21 14:37:16.737'),
	 ('1dc94618-e10a-453a-9d3a-bf58ac006788',30.0,1,'DISPONIBLE','f9cc92a1-a440-4c49-952a-6311f7d358db','36339c31-91d7-44e8-9fa1-10e607b66690','2024-03-21 14:49:36.134','2024-03-21 14:49:36.134'),
	 ('17d0b66a-5d14-4328-a2bc-ca39a958530d',60.0,1,'DISPONIBLE','a0534ec5-78e5-4544-81a8-d452c2a4f021','8b4439c7-7b01-497c-8735-18709904ae72','2024-03-21 14:54:26.844','2024-03-21 14:54:26.844'),
	 ('69e31fa9-93a8-4f88-ba70-8f824ddeda3f',25.0,1,'DISPONIBLE','a37af1dc-521b-434f-bb1b-e724944812c5','2ca7dd12-2a30-48df-aa6c-f4690a4cd7fd','2024-03-21 14:58:01.831','2024-03-21 14:58:01.831'),
	 ('cd6d9df1-e991-488c-a360-dc3fbca5f75a',25.0,1,'DISPONIBLE','38d65eeb-4e9e-4c92-8929-9a3a684ec2c9','2ca7dd12-2a30-48df-aa6c-f4690a4cd7fd','2024-03-21 14:59:07.953','2024-03-21 14:59:07.953'),
	 ('abf54e0c-5e3b-41bc-b7c0-44c1d301bec5',50.0,1,'DISPONIBLE','a87a8333-c6df-4b92-b7ab-3dbdcbdb7446','e1fd7051-0cf7-4462-bec9-ae8365413931','2024-03-21 15:00:28.339','2024-03-21 15:00:28.339'),
	 ('a2d32301-957a-4726-abd3-6514ea3f7533',45.0,1,'DISPONIBLE','2895ad40-a4ce-49bb-89e0-e420a7063a2f','8076f1b3-f7c2-4da1-a90d-d2385cad6f89','2024-03-21 15:03:16.951','2024-03-21 15:03:16.951'),
	 ('639578b1-2c43-48d9-8aa2-56646b4155ff',45.0,3,'DISPONIBLE','b263772b-e8ae-46cf-8218-f12e638a47de','f2129254-8ea8-4dbb-97ad-2fb2593c19a0','2024-03-21 15:05:52.184','2024-03-21 15:05:52.184'),
	 ('9bb4be67-a761-4417-98e6-9319899054da',60.0,1,'DISPONIBLE','538e42ae-8fe7-4c65-8c6d-efc9d1620a6a','2ca7dd12-2a30-48df-aa6c-f4690a4cd7fd','2024-03-21 15:08:00.505','2024-03-21 15:08:00.505'),
	 ('90fdb7ef-1d00-4554-bd72-666a291768dc',60.0,1,'DISPONIBLE','88f0f586-66c6-4dd8-92bf-7da7a32a3d89','f8f108ef-766d-47be-a547-d037fc0d1971','2024-03-21 15:10:26.741','2024-03-21 15:10:26.741'),
	 ('f7554868-2d00-42bc-a144-80e91dc6a4a1',45.0,1,'DISPONIBLE','4465aa7f-065c-4dbf-91c5-cfb1298c08de','2ca7dd12-2a30-48df-aa6c-f4690a4cd7fd','2024-03-21 15:14:09.923','2024-03-21 15:14:09.923'),
	 ('8f56bc82-d04f-4626-8894-1f40b889381f',45.0,1,'DISPONIBLE','1f19879d-9d71-46ab-8cb6-15df08a049b0','2ca7dd12-2a30-48df-aa6c-f4690a4cd7fd','2024-03-21 15:15:34.722','2024-03-21 15:15:34.722'),
	 ('de548d4c-780a-4719-984c-27f27a4f8511',25.0,1,'DISPONIBLE','0383cac0-3cb6-4a21-97bf-01c80053ac6c','2ca7dd12-2a30-48df-aa6c-f4690a4cd7fd','2024-03-21 15:18:43.071','2024-03-21 15:18:43.071'),
	 ('616b7208-2a88-4b05-8b7e-4347cbf73ed9',40.0,1,'DISPONIBLE','647866bf-fb82-444f-8300-c2fa9913f305','f2129254-8ea8-4dbb-97ad-2fb2593c19a0','2024-03-21 15:22:03.607','2024-03-21 15:22:03.607'),
	 ('ba459bc2-74c5-49fc-8f1b-0e53a50bf386',35.0,1,'DISPONIBLE','34f432ce-507b-4f61-b2a8-e8b44198a560','2ca7dd12-2a30-48df-aa6c-f4690a4cd7fd','2024-03-21 15:26:51.329','2024-03-21 15:26:51.329'),
	 ('82720d49-6a94-4863-8c33-a53072d42b18',45.0,1,'DISPONIBLE','09a569f2-766c-4082-b14b-bcd9d86590d3','8b4439c7-7b01-497c-8735-18709904ae72','2024-03-21 15:37:31.297','2024-03-21 15:37:31.297'),
	 ('15756a97-ffc1-43cf-b211-beb5e806c4d7',55.0,1,'DISPONIBLE','155b79f6-1db7-497d-921e-b8607c7d2dcf','2ca7dd12-2a30-48df-aa6c-f4690a4cd7fd','2024-03-21 15:42:23.599','2024-03-21 15:42:23.599'),
	 ('d27ca87d-ab05-47e3-9103-3dd992a44a11',60.0,1,'DISPONIBLE','4f122b76-1c62-42d5-a8b7-4963ce2c4ae5','8b4439c7-7b01-497c-8735-18709904ae72','2024-03-21 15:46:01.627','2024-03-21 15:46:01.627'),
	 ('b1445518-6d74-48a8-99f0-bc4eea06f9e6',30.0,1,'DISPONIBLE','52e3f808-55c3-4236-9e31-0745051556f4','f8f108ef-766d-47be-a547-d037fc0d1971','2024-03-21 15:53:26.79','2024-03-21 15:53:26.79'),
	 ('6c0e96ac-9d28-41ef-822d-bc13bc4a75d6',36.0,0,'NO_DISPONIBLE','dfd78808-ce45-44bf-88a9-31ea20b18c12','876610f4-e4f9-441c-afe6-1b2d18862b5f','2024-03-21 01:31:40.837','2024-03-21 15:57:28.62'),
	 ('1c513f0d-2f4f-4bd2-9b96-e0ff6b70e5e0',35.0,1,'DISPONIBLE','f5823341-3086-4d14-9fc0-d700d692eac0','a0c2e15c-cc57-4bcf-8727-0cc8e11217e7','2024-03-24 16:16:33.951','2024-03-24 16:16:33.951'),
	 ('c93e165f-c6d6-4f39-80f8-9095ac161554',36.0,0,'NO_DISPONIBLE','16abc8b6-e7ea-457d-9321-f2d80538ec7d','d88811b1-227f-4d20-b71a-d62dd7a740aa','2024-03-21 02:09:32.505','2024-03-21 15:59:10.332'),
	 ('2dcf2e47-f279-4007-8687-a6f247d4972a',130.0,1,'DISPONIBLE','42e48053-670e-4def-a995-5355f032465f',NULL,'2024-03-24 15:11:31.172','2024-03-24 15:11:31.172'),
	 ('0fde70e1-4a20-4022-b04b-2441470109f4',175.0,1,'DISPONIBLE','7a4c3bcc-4a61-4742-ba06-87cf3de769b2',NULL,'2024-03-24 15:18:16.736','2024-03-24 15:18:16.736'),
	 ('56ce0c0a-3614-4fa0-bd5c-e62a8ccbffb1',50.0,1,'DISPONIBLE','2e494cce-85ae-4cf1-a43e-6d3b161aad34',NULL,'2024-03-24 15:21:49.596','2024-03-24 15:21:49.596'),
	 ('6118ce5e-2477-4637-bb40-f44026b76bce',120.0,1,'DISPONIBLE','a7695f46-52ce-4a79-ac6d-2d443ea3eb5d',NULL,'2024-03-24 15:35:15.914','2024-03-24 15:35:15.914'),
	 ('b204477e-1b72-4cdc-909b-8d0d2f60b7d8',30.0,1,'DISPONIBLE','8f9a9676-2057-4b01-9191-0ef91bb27747',NULL,'2024-03-24 15:48:39.642','2024-03-24 15:48:39.642'),
	 ('2fdf223e-cff4-43e9-a8db-2ea42becc6e5',65.0,1,'DISPONIBLE','afe3587c-37d3-4102-bfe9-b446ebe0d220','b10d4c99-18fb-47cb-bb31-a1d46edf9507','2024-03-24 16:07:44.401','2024-03-24 16:07:44.401'),
	 ('27b0c8cc-beac-4255-a5d4-ae4a8dc81932',65.0,1,'DISPONIBLE','f9a386c8-4796-4f8d-aba5-8f725727dc81','a0c2e15c-cc57-4bcf-8727-0cc8e11217e7','2024-03-24 16:11:11.436','2024-03-24 16:11:11.436'),
	 ('704047a8-918a-483f-951a-b121b56dccbf',55.0,1,'DISPONIBLE','dae66244-7e9a-4d5a-957e-f2b78ee19675','a0c2e15c-cc57-4bcf-8727-0cc8e11217e7','2024-03-24 16:13:27.095','2024-03-24 16:13:27.095'),
	 ('c05224d9-8f9d-45ec-89a7-8d8215df5129',18.0,1,'DISPONIBLE','a4a68b88-9e0d-485f-be5c-7012387bdb17',NULL,'2024-03-24 16:22:07.686','2024-03-24 16:22:07.686'),
	 ('305a2eef-ef12-466f-b45a-4c8cbe2b703f',18.0,1,'DISPONIBLE','c3b52a87-8329-4e1d-8140-91e8f13b53e7',NULL,'2024-03-24 16:26:18.516','2024-03-24 16:26:18.516'),
	 ('5cc45cd7-ed2c-4fe2-9766-f48ee348b217',18.0,1,'DISPONIBLE','e739e40c-90f1-4852-9b55-8a4ff307524d',NULL,'2024-03-24 16:27:52.806','2024-03-24 16:27:52.806'),
	 ('50254475-5698-4342-a0bc-02e42890c649',18.0,1,'DISPONIBLE','1f562ffa-3a51-4760-bf79-60b1c82b0642',NULL,'2024-03-24 16:29:25.217','2024-03-24 16:29:25.217'),
	 ('7f760918-e7f2-467b-ab2f-0f88be94534b',30.0,0,'NO_DISPONIBLE','de8f3370-9f33-489b-b431-7d9d1d8a1a6a','a5e603b2-2f02-47b5-9597-e28a93e26f5c','2024-03-21 02:13:03.346','2024-03-26 22:40:42.151'),
	 ('c2375cc8-7aba-423c-b981-07f0be1ff3f4',18.0,1,'DISPONIBLE','91fdf371-8982-445e-bec3-da1298974d0c',NULL,'2024-03-24 16:23:56.926','2024-03-24 16:23:56.926'),
	 ('22324c79-4909-4006-88ce-ba23cf75e63a',50.0,1,'DISPONIBLE','e556c431-db10-41b5-b476-dbf2d248c1e1',NULL,'2024-03-24 16:00:46.741','2024-03-24 16:00:46.741'),
	 ('39a9abb2-76c4-4497-b6c7-3226f0f9e04a',36.0,0,'NO_DISPONIBLE','41907d28-d7b7-47fa-b349-d45372e6ae7d','a5e603b2-2f02-47b5-9597-e28a93e26f5c','2024-03-21 02:00:02.293','2024-03-29 16:27:44.386'),
	 ('d615f606-a86c-44b1-8659-2fbad197425b',20.0,1,'DISPONIBLE','96188b2c-2dfd-4613-b00f-2939cd94d959',NULL,'2024-03-24 16:44:14.309','2024-03-24 16:44:14.309'),
	 ('884d16b4-adcc-43ca-929d-03436c0e032f',65.0,1,'DISPONIBLE','b408cf4e-1086-465b-b810-a0c753398fb2','f31f0c0c-fa38-45aa-8e2e-b2dcc29411b6','2024-03-24 16:51:53.993','2024-03-24 16:51:53.993'),
	 ('e70fc51e-a178-432c-bc4c-f389fb27d9f5',80.0,1,'DISPONIBLE','ed38e9af-1537-47b0-aa8d-c5526f96a83d','9b19980a-8a36-4219-98c0-232bd780c7f8','2024-03-24 16:54:03.31','2024-03-24 16:54:03.31'),
	 ('784caed5-45dc-4db0-816f-b75327e85d50',80.0,1,'DISPONIBLE','b3cf151e-b597-43c6-90e5-500b74011421','9b19980a-8a36-4219-98c0-232bd780c7f8','2024-03-24 16:55:58.042','2024-03-24 16:55:58.042'),
	 ('b56e27f4-abe2-44b5-ac17-67e491ac0b74',85.0,1,'DISPONIBLE','9b918752-87f8-4596-b8fa-4a9e4c2b6090','f31f0c0c-fa38-45aa-8e2e-b2dcc29411b6','2024-03-24 16:59:11.276','2024-03-24 16:59:11.276'),
	 ('f599e61b-8e03-47ba-8b6d-014c6bcf9f92',100.0,1,'DISPONIBLE','ad36f373-4bb2-4775-9975-f81529aeb24d','f31f0c0c-fa38-45aa-8e2e-b2dcc29411b6','2024-03-24 17:04:35.448','2024-03-24 17:04:35.448'),
	 ('0c0a23e3-5474-486a-8fa4-6c573ffe795d',100.0,1,'DISPONIBLE','ad36f373-4bb2-4775-9975-f81529aeb24d','5c6d47c7-e40c-4b8e-a3ec-58c075da9e32','2024-03-24 17:05:18.585','2024-03-24 17:05:18.585'),
	 ('3c8bccd1-e78a-4639-a4a5-957781bcc9af',60.0,1,'DISPONIBLE','59486403-5d51-4600-98aa-5d20ae059963','5c6d47c7-e40c-4b8e-a3ec-58c075da9e32','2024-03-24 17:11:55.668','2024-03-24 17:11:55.668'),
	 ('e4f35d3e-e216-4c1c-8661-fa7691f2eba9',65.0,1,'DISPONIBLE','8364f6ea-6f54-48ce-a43c-a60f6bb9d763',NULL,'2024-03-24 17:26:25.296','2024-03-24 17:26:25.296'),
	 ('b899a20b-0af6-4955-bad6-6c055c6a1201',125.0,0,'NO_DISPONIBLE','aa9c1eaf-c6ea-42f0-b1a9-3dec7feb5aa1',NULL,'2024-03-24 15:15:42.596','2024-03-26 01:28:13.771');
INSERT INTO public.products (id,price,stock,state,product_color_id,size_category_id,created_at,updated_at) VALUES
	 ('d68593d5-6919-4d71-b62e-c7a43577ed6e',36.0,0,'NO_DISPONIBLE','b9c40f9c-7026-487e-9466-e3f8535d2e69','a5e603b2-2f02-47b5-9597-e28a93e26f5c','2024-03-20 02:05:02.512','2024-03-29 16:28:11.734');






